pair_id,stratum,panel_gold
P0012,hard_negative,0
P0037,random_negative,0
P0187,random_negative,0
P0329,top_similar,0
P0365,hard_negative,0
P0396,hard_negative,0
P0005,random_negative,0
P0344,random_negative,0
P0417,top_similar,0
P0424,random_negative,0
P0324,top_similar,0
P0100,random_negative,0
P0240,random_negative,0
P0255,random_negative,0
P0213,hard_negative,0
P0047,top_similar,0
P0271,random_negative,0
P0207,hard_negative,0
P0400,hard_negative,0
P0010,random_negative,0
P0409,hard_negative,0
P0028,random_negative,0
P0204,top_similar,0
P0094,random_negative,0
P0199,hard_negative,0
P0024,hard_negative,0
P0218,hard_negative,0
P0168,top_similar,0
P0051,hard_negative,0
P0209,hard_negative,0
P0366,random_negative,0
P0181,hard_negative,0
P0119,random_negative,0
P0130,top_similar,0
P0000,random_negative,0
P0129,random_negative,0
P0106,hard_negative,0
P0003,top_similar,0
P0326,hard_negative,0
P0283,hard_negative,0
P0415,random_negative,0
P0107,random_negative,0
P0243,hard_negative,0
P0006,hard_negative,0
P0357,top_similar,0
P0422,top_similar,0
P0070,hard_negative,0
P0266,hard_negative,0
P0082,top_similar,0
P0363,hard_negative,0
P0330,random_negative,0
P0228,random_negative,0
P0184,hard_negative,0
P0385,top_similar,0
P0056,random_negative,0
P0153,random_negative,0
P0388,hard_negative,0
P0248,top_similar,0
P0254,random_negative,0
P0289,hard_negative,0
P0340,hard_negative,0
P0416,hard_negative,0
P0155,hard_negative,0
P0407,random_negative,0
P0043,top_similar,0
P0297,hard_negative,0
P0206,top_similar,0
P0411,random_negative,0
P0370,random_negative,0
P0353,hard_negative,0
P0425,top_similar,0
P0263,hard_negative,0
P0403,random_negative,0
P0032,random_negative,0
P0307,top_similar,0
P0420,hard_negative,0
P0350,hard_negative,0
P0276,hard_negative,0
P0392,hard_negative,0
P0316,top_similar,0
P0223,random_negative,0
P0046,random_negative,0
P0225,random_negative,0
P0198,top_similar,0
P0110,random_negative,0
P0274,top_similar,0
P0410,hard_negative,0
P0060,hard_negative,0
P0174,hard_negative,0
P0406,hard_negative,0
P0247,random_negative,0
P0379,random_negative,0
P0312,top_similar,0
P0063,top_similar,0
P0372,hard_negative,0
P0264,random_negative,0
P0282,hard_negative,0
P0080,top_similar,0
P0265,random_negative,0
P0114,top_similar,0
