pair_id,why,stratum
P0018,exhaustive_stratum+positive,algo_merge
P0050,exhaustive_stratum+positive,algo_merge
P0053,exhaustive_stratum+positive,algo_merge
P0054,exhaustive_stratum+positive,algo_merge
P0065,exhaustive_stratum+positive,algo_merge
P0076,exhaustive_stratum,algo_merge
P0084,exhaustive_stratum+positive,algo_merge
P0085,exhaustive_stratum+positive,algo_merge
P0089,panel_disagreed,top_similar
P0098,exhaustive_stratum+positive,algo_merge
P0104,exhaustive_stratum,algo_merge
P0108,exhaustive_stratum+positive,algo_merge
P0109,exhaustive_stratum+positive,algo_merge
P0122,positive,top_similar
P0123,exhaustive_stratum+positive,algo_merge
P0171,exhaustive_stratum+positive,algo_merge
P0176,exhaustive_stratum+positive,algo_merge
P0185,positive+panel_disagreed,hard_negative
P0193,exhaustive_stratum+positive,algo_merge
P0205,exhaustive_stratum+positive,algo_merge
P0237,exhaustive_stratum+positive,algo_merge
P0279,exhaustive_stratum+positive,algo_merge
P0299,exhaustive_stratum+positive,algo_merge
P0327,exhaustive_stratum+positive,algo_merge
P0331,exhaustive_stratum+positive,algo_merge
P0359,exhaustive_stratum+positive,algo_merge
P0362,positive+panel_disagreed,top_similar
P0373,exhaustive_stratum+positive+panel_disagreed,algo_merge
P0398,exhaustive_stratum,algo_merge
P0419,exhaustive_stratum,algo_merge
