Method,MRR,MAP@5,NDCG@5,Precision@5,Recall@5,MAP@10,NDCG@10,Precision@10,Recall@10
Random,0.0123,0.0047,0.0059,0.0019,0.0096,0.0056,0.008,0.0016,0.0159
BPR-MF,0.0493,0.0284,0.0347,0.0109,0.0543,0.034,0.0485,0.0097,0.0978
MostPop,0.0496,0.031,0.039,0.0128,0.0639,0.0371,0.0539,0.011,0.1103
ItemKNN-cosine,0.0426,0.0245,0.0323,0.0113,0.0564,0.0285,0.042,0.0086,0.0865
UserKNN-cosine,0.0606,0.0387,0.0492,0.0163,0.0815,0.0449,0.0644,0.0129,0.1291
Content-TFIDF,0.0287,0.0126,0.016,0.0053,0.0263,0.0164,0.0252,0.0055,0.0551
Hybrid-fixed (lam=0.7),0.0608,0.0378,0.0458,0.014,0.0702,0.0462,0.0665,0.0135,0.1353
AdaptiveHybrid,0.0639,0.0405,0.049,0.015,0.0752,0.048,0.0675,0.0133,0.1328
EASE (lam=1000),0.0573,0.0347,0.0434,0.014,0.0702,0.0412,0.0595,0.012,0.1203
