Method,Recall@10,Recall@10_ci_lo,Recall@10_ci_hi,NDCG@10,NDCG@10_ci_lo,NDCG@10_ci_hi,MRR,p_vs_UserKNN_R@10,sig_vs_UserKNN,wilcoxon_n_nonzero,mean_diff_vs_UserKNN
Random,0.0159,0.0109,0.0213,0.008,0.0053,0.0109,0.0123,0.0,***,134,-0.1132
BPR-MF,0.0977,0.0827,0.1132,0.0485,0.0403,0.0574,0.0493,0.0,***,170,-0.0313
MostPop,0.1103,0.089,0.1328,0.0539,0.0425,0.0663,0.0496,0.0588,,63,-0.0188
ItemKNN-cosine,0.0865,0.0677,0.1065,0.042,0.0321,0.0527,0.0426,0.0001,***,74,-0.0426
UserKNN-cosine,0.1291,0.1065,0.1529,0.0644,0.0519,0.0777,0.0606,,,0,0.0
Content-TFIDF,0.0551,0.0401,0.0714,0.0252,0.0177,0.0336,0.0287,0.0,***,125,-0.0739
Hybrid-fixed (lam=0.7),0.1353,0.1115,0.1591,0.0665,0.0536,0.08,0.0608,0.5002,,55,0.0063
AdaptiveHybrid,0.1328,0.1103,0.1566,0.0675,0.0545,0.0816,0.0639,0.4386,,15,0.0038
EASE (lam=1000),0.1203,0.0977,0.1441,0.0595,0.0473,0.0723,0.0573,0.2087,,31,-0.0088
