lambda,MRR,MAP@5,NDCG@5,Precision@5,Recall@5,MAP@10,NDCG@10,Precision@10,Recall@10,R@10[2],R@10[3--4],R@10[5--10],R@10[11+]
0.0,0.0335,0.016,0.021,0.0073,0.0363,0.02,0.0307,0.0066,0.0664,0.0437,0.067,0.0765,0.0762
0.1,0.0375,0.0191,0.0251,0.0088,0.0439,0.0236,0.0365,0.008,0.0802,0.0546,0.0718,0.0918,0.1
0.2,0.0415,0.0218,0.0293,0.0105,0.0526,0.026,0.0395,0.0084,0.084,0.0437,0.067,0.1122,0.1095
0.3,0.046,0.0241,0.0317,0.011,0.0551,0.0311,0.0492,0.011,0.1103,0.0492,0.0861,0.1429,0.1571
0.4,0.0487,0.0273,0.038,0.0143,0.0714,0.0333,0.0529,0.0118,0.1178,0.0546,0.0909,0.1429,0.1762
0.5,0.0576,0.0355,0.0455,0.0153,0.0764,0.0423,0.0625,0.013,0.1303,0.071,0.0909,0.1735,0.181
0.6,0.0588,0.0353,0.0454,0.0153,0.0764,0.0435,0.0659,0.0142,0.1416,0.0874,0.1005,0.1939,0.181
0.7,0.0623,0.039,0.0494,0.0163,0.0815,0.0471,0.0697,0.0145,0.1454,0.1148,0.1053,0.1939,0.1667
0.8,0.0644,0.0419,0.0519,0.0165,0.0827,0.0476,0.0665,0.0129,0.1291,0.0929,0.0957,0.1582,0.1667
0.9,0.0663,0.0438,0.0535,0.0165,0.0827,0.0497,0.0682,0.0129,0.1291,0.1148,0.0957,0.148,0.1571
1.0,0.0636,0.0424,0.0527,0.0168,0.084,0.0482,0.0676,0.0132,0.1316,0.1148,0.1053,0.1378,0.1667
