alpha_min,n0,tau,val_Recall@10,val_NDCG@10,val_MRR,val_R@10[2],val_R@10[11+]
0.0,4.0,1.0,0.1165,0.0565,0.0536,0.0546,0.1667
0.0,4.0,1.5,0.1165,0.0574,0.055,0.0437,0.1667
0.0,4.0,2.0,0.1203,0.0593,0.0565,0.0492,0.1619
0.0,5.0,1.0,0.114,0.0557,0.0532,0.0437,0.1667
0.0,5.0,1.5,0.1203,0.0572,0.0532,0.0546,0.1667
0.0,5.0,2.0,0.1228,0.0585,0.0543,0.0437,0.1619
0.0,6.0,1.0,0.1153,0.0563,0.053,0.0383,0.1667
0.0,6.0,1.5,0.1165,0.0572,0.0542,0.0492,0.1619
0.0,6.0,2.0,0.119,0.0573,0.0538,0.0546,0.1667
0.7,4.0,1.0,0.1291,0.0654,0.0624,0.1093,0.1667
0.7,4.0,1.5,0.1291,0.0653,0.0623,0.1038,0.1667
0.7,4.0,2.0,0.1266,0.0648,0.0626,0.0874,0.1667
0.7,5.0,1.0,0.1316,0.0648,0.0607,0.1093,0.1667
0.7,5.0,1.5,0.1316,0.0654,0.0616,0.1093,0.1667
0.7,5.0,2.0,0.1291,0.0656,0.0628,0.1038,0.1667
0.7,6.0,1.0,0.1316,0.065,0.0609,0.1093,0.1667
0.7,6.0,1.5,0.1328,0.0655,0.0613,0.1093,0.1667
0.7,6.0,2.0,0.1316,0.0657,0.0621,0.1093,0.1619
0.8,4.0,1.0,0.1291,0.0653,0.0622,0.1038,0.1667
0.8,4.0,1.5,0.1303,0.066,0.0627,0.1093,0.1667
0.8,4.0,2.0,0.1316,0.067,0.0637,0.1148,0.1667
0.8,5.0,1.0,0.1291,0.0656,0.0626,0.0984,0.1667
0.8,5.0,1.5,0.1316,0.0665,0.0629,0.1038,0.1667
0.8,5.0,2.0,0.1328,0.0665,0.0625,0.1093,0.1667
0.8,6.0,1.0,0.1291,0.0657,0.0629,0.0984,0.1667
0.8,6.0,1.5,0.1303,0.0662,0.0631,0.0984,0.1667
0.8,6.0,2.0,0.1328,0.0671,0.0633,0.1038,0.1667
0.85,4.0,1.0,0.1303,0.0668,0.0637,0.1148,0.1667
0.85,4.0,1.5,0.1316,0.0676,0.0644,0.1257,0.1667
0.85,4.0,2.0,0.1316,0.0678,0.0646,0.1257,0.1667
0.85,5.0,1.0,0.1316,0.0665,0.063,0.1093,0.1667
0.85,5.0,1.5,0.1303,0.0667,0.0637,0.1148,0.1667
0.85,5.0,2.0,0.1303,0.0669,0.064,0.1148,0.1667
0.85,6.0,1.0,0.1341,0.0679,0.0639,0.1148,0.1667
0.85,6.0,1.5,0.1328,0.067,0.0633,0.1093,0.1667
0.85,6.0,2.0,0.1341,0.0678,0.0639,0.1148,0.1667
0.9,4.0,1.0,0.1266,0.0667,0.0648,0.1038,0.1667
0.9,4.0,1.5,0.1266,0.0668,0.065,0.1038,0.1667
0.9,4.0,2.0,0.1266,0.0667,0.0649,0.1038,0.1667
0.9,5.0,1.0,0.1278,0.0669,0.0649,0.1093,0.1667
0.9,5.0,1.5,0.1266,0.0666,0.0648,0.1038,0.1667
0.9,5.0,2.0,0.1266,0.0668,0.065,0.1038,0.1667
0.9,6.0,1.0,0.1278,0.0668,0.0648,0.1093,0.1667
0.9,6.0,1.5,0.1278,0.0669,0.0648,0.1093,0.1667
0.9,6.0,2.0,0.1266,0.0666,0.065,0.1038,0.1667
