user_id,userID
U00591dbf646e,0
U00912b991d82,1
U00ce6c924da3,2
U014ab4ef41fa,3
U019b6463f91c,4
U02089ebb7c08,5
U025c0bdadae4,6
U02cf03d6a240,7
U02d0feceb692,8
U0375a50e5bc6,9
U046912319d9e,10
U0496458462e0,11
U04db0ca8ff2b,12
U057fcf5425ca,13
U059d6bec6166,14
U05adfa8ba5ee,15
U065eace5e341,16
U066902799d4f,17
U078477765ef9,18
U085b581727a8,19
U085ec105e3cc,20
U08d9193957ec,21
U092d944bba6c,22
U0934c5ee91a3,23
U096ee90f2dac,24
U098f9babc306,25
U09af28c81a40,26
U0a76a5270bfd,27
U0acf29f32f54,28
U0bafd6b0c352,29
U0c024ce09c1a,30
U0c5d38729571,31
U0cbf53e2730b,32
U0dc2d2e8564d,33
U0e9278c1ba88,34
U0f7876fe0e7b,35
U0fa462fa5f5d,36
U0fbe8c0065c2,37
U0fc86b5333cf,38
U100b86ef5546,39
U108c87e2cdcf,40
U1096c65896b0,41
U1121a4900a5d,42
U118dc9ce1388,43
U1262fa7ef9c7,44
U12d26ed90cb2,45
U137afc6553e1,46
U137be1c111ea,47
U1453914ccca2,48
U145b7c3a0a48,49
U14a568c69f46,50
U1500a9267556,51
U1525adc7b68a,52
U15569d089457,53
U15c5f8689a8c,54
U163316d7c605,55
U16765312e621,56
U1689454eb26f,57
U16c2298dc0c0,58
U16f4ac83bd96,59
U17b80c7d556b,60
U17df181ce620,61
U17f4a6102459,62
U182bed4ea9a1,63
U1833e331127d,64
U183bb86a9505,65
U183e30c6fc45,66
U18c4cf0f7006,67
U18edb7633989,68
U19225ebe60f0,69
U194aa6a15c7f,70
U19591d01e048,71
U196ac6595296,72
U1995d921a404,73
U1a102edf1c69,74
U1a38312105ef,75
U1abc95e84a31,76
U1abe1c666639,77
U1af4940c2763,78
U1b0add58be81,79
U1b13fe0a5738,80
U1b75ad9e4757,81
U1b7649656b73,82
U1b9aba67387a,83
U1bac8a91d17f,84
U1bf64698f566,85
U1c4233edc9c5,86
U1ca431bab7e4,87
U1d1be2fc3008,88
U1d39c48d3743,89
U1df00184876e,90
U1e1367252b82,91
U1e84baf9b7e4,92
U1e867fca3f4f,93
U1e8c86016edc,94
U1ec90b9c753d,95
U1f3cc872afc7,96
U1f877d328192,97
U1fa27d79c050,98
U200c80104cfc,99
U203b74591298,100
U20bbe73c21d9,101
U20c464b766f1,102
U20cff7650f08,103
U210975ccc06d,104
U214377c39f3f,105
U21f30230fde5,106
U2203d6ff40ab,107
U2204416dfb34,108
U2205f6eb906d,109
U2247eb2ec783,110
U2278f685b611,111
U23b273be31f8,112
U25c0081f57bd,113
U2625ca287637,114
U271e5fa64c5f,115
U2725d973076b,116
U27e843cae0bf,117
U27eea115f315,118
U28172820ff33,119
U281e32d55a14,120
U283f742ce58f,121
U28608c9427b7,122
U29cf5dd35598,123
U2a41de998c22,124
U2a46e9aec727,125
U2a5a3c3bfece,126
U2af9ebb217f8,127
U2afa5ab7b4ec,128
U2b43a5075f23,129
U2b868758d911,130
U2c6aef2d311f,131
U2d2c56b5feac,132
U2d3461fd493d,133
U2d60ecff62f1,134
U2db1cd47452b,135
U2dbafae70e59,136
U2dbebe26985f,137
U2dc6c78fa5ff,138
U2ee5f959b100,139
U2f34230a0833,140
U2f357a185bcc,141
U2f45ade47ddf,142
U2f92d6528a2a,143
U2fed37e26d72,144
U3026a6b89b3f,145
U304bf5750632,146
U30925a1f2a07,147
U30d9e7012ca2,148
U320efe3833d5,149
U320fe1f80c5e,150
U32133f20ba3c,151
U329f9481ce2e,152
U32e0d2d939ce,153
U333dc61d1be5,154
U33543e34eb90,155
U3355249abf3d,156
U3390df25df49,157
U34191914b85b,158
U342e1dcac355,159
U3463d896d751,160
U3550151b709f,161
U358042d4503c,162
U361391c4bfb9,163
U36eae7b366ff,164
U370d83df6948,165
U37153faec99f,166
U373fef02f052,167
U3825ba977389,168
U3902be82ad55,169
U392227e99234,170
U393ecdc79e4a,171
U399a5ae4658d,172
U399ba21c0376,173
U3a07e57f545c,174
U3a20cfa60ade,175
U3b9fee761ece,176
U3bbbb95f5787,177
U3c4acd15e2e7,178
U3c76d79f4a68,179
U3cb9d28db818,180
U3ccd50eaa389,181
U3d180759792d,182
U3e5b22f6d6f1,183
U3ebd90487cb9,184
U3ee36558f81c,185
U4028d4ac9ce8,186
U4033518b2f7c,187
U404553184c9c,188
U4086baf3e8b6,189
U40fee10584f8,190
U411ef1605229,191
U41afa59bc0c2,192
U4229a718e5ca,193
U4274368002ee,194
U42cfb242c8b6,195
U42d2ad3dc9f1,196
U43b02e0199c2,197
U43c9681df962,198
U445ec0715ad3,199
U44865709e101,200
U44b3ff694073,201
U4539a20b9675,202
U45559e7581e5,203
U4558266492a4,204
U459052bc1431,205
U461aa62a6da6,206
U462f6a8d1f38,207
U465cd70e9370,208
U467daa13540d,209
U4769a75c4a63,210
U47a0bf4af17d,211
U487120a75126,212
U49041250225d,213
U49ea5dbd27c5,214
U4a17bd6754c9,215
U4abb495a175f,216
U4b3e911c78a0,217
U4bf1671e06ad,218
U4c2602b8aa98,219
U4c4407532f7b,220
U4c6545ae5cab,221
U4c7264a4a900,222
U4ca44a2c942b,223
U4cc77dc021c0,224
U4cd0dc77cecb,225
U4ceba8673ab5,226
U4da22644e9d5,227
U4e35cb222587,228
U4e716dd19b0a,229
U4ee42cf84712,230
U4f030da4e983,231
U4f2b1d7a2adb,232
U4f57e5d2d4c5,233
U4f72e4beb176,234
U4fb35914b6f6,235
U508a383490db,236
U50f523b549c4,237
U5119dd1e0f48,238
U51409affa44d,239
U51e843464940,240
U532cd44379b4,241
U541714479c48,242
U556c64cb7de3,243
U55ba0a35377a,244
U562ba3409bd5,245
U56bff9e45e7c,246
U570db3d9faee,247
U57358533527a,248
U575d8ca03c29,249
U577306d16590,250
U57b6c29bae79,251
U57dd8f4e431c,252
U5863bd418f0c,253
U586bf32f0573,254
U594642be1492,255
U595041030b42,256
U59cfbbfb9b19,257
U5a350d7e7970,258
U5a7fc67f04c1,259
U5aca643e0a7e,260
U5c13d56d6b33,261
U5c6f46cab5c5,262
U5d9d11c9e7b1,263
U5e181805fc19,264
U5e851c1d3f23,265
U5eee0df3dac0,266
U5f093cee3fbd,267
U5f1ab43ed9ad,268
U5f21782dec79,269
U5f897289f4b8,270
U5fc2677022d4,271
U5fed7ec81c9f,272
U604ce1b92a17,273
U6058695c187f,274
U60621e066492,275
U608048973bd0,276
U608ece90ea26,277
U61114f2b2ec1,278
U6121d00b28fa,279
U61419e49de12,280
U6156734cc45f,281
U6193595df6e3,282
U62615f10589d,283
U62643e9a2fea,284
U635677f0faf5,285
U63daf62e3a4e,286
U63dd838a90e4,287
U63fd833b4a7c,288
U652610b6e37a,289
U655646f09724,290
U6602382a13a1,291
U6611b610413a,292
U664d8a4e8ad9,293
U665904d21807,294
U6666bb6f5cff,295
U669eb3c21ce6,296
U66f15f547651,297
U6700427d6d44,298
U673e94d5d99c,299
U67a7763034cd,300
U6840254d67f2,301
U68583a36035a,302
U686ae5f5394a,303
U68f10dc1a40e,304
U68f2e9707e6b,305
U68f435bcb37d,306
U699916231e95,307
U6a1ec282d822,308
U6a2f807061cb,309
U6a31d80a6b98,310
U6abc54e51970,311
U6af456a259bb,312
U6b2b8a29a8fd,313
U6b37eede54c7,314
U6b59af603ede,315
U6bb0581a4ebd,316
U6c0b8d570e44,317
U6c398e3cf613,318
U6ca802f0c7c9,319
U6cf4271e5eab,320
U6d3bd0af9513,321
U6d5049ba464c,322
U6dbb4301b696,323
U6deb99c8859b,324
U6ee8629c8a1a,325
U6f123f862e99,326
U6f285070ca43,327
U6fb7a9a00cb2,328
U6ff2a3262fc5,329
U7038329f5ad6,330
U704c66009c2a,331
U7066ca03abf2,332
U70d1cb8e578b,333
U71f4da10c5ed,334
U721f27459cc3,335
U7225666d1e11,336
U72748e48e7f9,337
U72d8f85b3fb4,338
U72ecc4663d6e,339
U72fc237831f0,340
U731e03f7bebb,341
U732f3a697fa2,342
U7369ea966365,343
U73776e7162d8,344
U738be1cede18,345
U73f1a0472869,346
U740d2dc9b485,347
U7462426d9739,348
U74a3202d2805,349
U74c114c6b433,350
U7536430e4ac2,351
U75f790ad33ef,352
U764b50c0d940,353
U767d12f08131,354
U76baea6966e0,355
U771d660093c3,356
U77770dc69416,357
U77afe8e7ed83,358
U7843fcd94cb1,359
U7852237f6302,360
U7855b8fa3b9f,361
U786ee6595891,362
U788ad866add3,363
U793ac4ee017e,364
U7a1c550b7ef4,365
U7a37ffff8050,366
U7a6e66b63014,367
U7a9e710ced89,368
U7accefa53685,369
U7b2904937311,370
U7c00a62e2a97,371
U7c26570964a8,372
U7c576fde4e96,373
U7c87f9b4f2ed,374
U7cd997f32f2d,375
U7cefaa2f8844,376
U7d45f6b9e69e,377
U7da3976a5a84,378
U7db0f5c9d80d,379
U7dd00d5213dc,380
U7e450d331686,381
U7e84d2c4369b,382
U7e9c84e7704b,383
U7f06c5efdaea,384
U7f1d82df196e,385
U7f6c9cd1a5f4,386
U7fa613e5002e,387
U7fb83ae780f3,388
U80c27aee50be,389
U80c39feb8af7,390
U80c3f2fb7fa6,391
U8117ed5b11a0,392
U8182cc7382bf,393
U81f572381c40,394
U8274349d59cf,395
U82a5ed2b4568,396
U82a92949cbb5,397
U82f103385c33,398
U82fffe81f716,399
U83025f422717,400
U833d0c162c1c,401
U8395824480bb,402
U8410b4c5aaeb,403
U8451d80f9309,404
U846da8b2a753,405
U84a857b82cbe,406
U852d66b57dc1,407
U85302e08d43d,408
U855fe3142043,409
U85ba6edcd969,410
U861e875a3ae8,411
U86718e9be95e,412
U869b0d58c850,413
U86d6149ace93,414
U8750a16c9b9b,415
U8768ee9fd458,416
U87ac7dfc46dd,417
U8930bbe3d24b,418
U894404028a81,419
U896ab7ee77eb,420
U89b73d14eaf9,421
U89e44dddec44,422
U8a4e7615c5ae,423
U8b083c71d4e2,424
U8b48f1abe5bb,425
U8baca280affb,426
U8be4af507f44,427
U8c5492d08f33,428
U8cc77a9d302b,429
U8d0d7d614f13,430
U8d4bd1051993,431
U8db602f86ee4,432
U8de53a5c7d44,433
U8f8b90971d60,434
U8f9142984511,435
U8fae85b0bd26,436
U8ff39e5063c5,437
U8ffa08b1d4d5,438
U901a91381ede,439
U903475ca8f76,440
U90d34ac8c143,441
U915fa5e2ddc5,442
U9189e655db34,443
U91feaa87d7e6,444
U920e21611453,445
U9226fb5e4490,446
U92f6329c9cb0,447
U93a7b3172364,448
U93f049c54f78,449
U9482b53a70de,450
U95494f0eb0e2,451
U9556a9d9bd34,452
U955bffb7a221,453
U95ab3d2f165d,454
U966d27754fa5,455
U967df8ac0929,456
U96ea00ecc288,457
U96ee79149337,458
U97111d292c1b,459
U9712956eb825,460
U987ed9e02970,461
U988ec0ade8f3,462
U9912838720fd,463
U998a2b31ecf9,464
U9a75c84cd8a5,465
U9c7571420735,466
U9c96f373dba5,467
U9cbb45a3a1d9,468
U9de91bc41736,469
U9deb26de64b9,470
U9e2c3d69855d,471
U9ea158110822,472
U9f6ee79cc2bf,473
U9f8660da4b38,474
U9fcf0f2937ec,475
U9fd4159feb84,476
Ua015724eb5e3,477
Ua02bf2535906,478
Ua099655f939e,479
Ua179bde11521,480
Ua1bf573610ca,481
Ua205f858733a,482
Ua22e05539eaf,483
Ua277bd43da05,484
Ua2ecd27013e2,485
Ua3948c917049,486
Ua3a393ce88e2,487
Ua43f9a341663,488
Ua497ac61f801,489
Ua5021307c5c3,490
Ua5701c8c3318,491
Ua571a440c856,492
Ua5bb41e90053,493
Ua5eaa75c7bb5,494
Ua5f3536b4182,495
Ua66dbe3d2ab9,496
Ua70d6cc8c74b,497
Ua79f70b090e6,498
Ua7beaa8dc6a5,499
Ua866dc69d643,500
Ua90f5abdf891,501
Ua927b88a12d6,502
Ua97268bdc1bc,503
Ua97ea2381742,504
Ua9e40e4f9bcb,505
Ua9e839da5ce1,506
Ua9f0f10c34ae,507
Ua9fee312a7b9,508
Uaa03b73ad39d,509
Uaa727adbce8f,510
Uab7f98ce54c4,511
Uab90ae8d578c,512
Uabec9f08f97e,513
Uac2a1af649a9,514
Uac87ad887d56,515
Uac8fa35c35a0,516
Uacd3c063a3d3,517
Uad130a01d145,518
Uad736c7dffac,519
Uade6b912060b,520
Uae43a1c16f19,521
Uae8735b5c0c9,522
Uaf349b705604,523
Uaf787a152bdc,524
Uaf9c80bed7dd,525
Uafc61897ea53,526
Ub04d995ae3b4,527
Ub051030fc5a2,528
Ub0988e0a0e81,529
Ub0c950e637af,530
Ub0d6aeadc480,531
Ub16e24f6e466,532
Ub2c468995aaf,533
Ub2d6c89d11d7,534
Ub316660cedb0,535
Ub35cf3399c86,536
Ub3e58e9b80a6,537
Ub417d6ad83fc,538
Ub43120e929b4,539
Ub4c4d593ee1d,540
Ub4f035fd00cd,541
Ub4fa1bcf456b,542
Ub5056dd21bf3,543
Ub52474362828,544
Ub53b2b047e8d,545
Ub5482f12212e,546
Ub5923814a325,547
Ub5a530ceaf6f,548
Ub602883c7537,549
Ub6449c27ea57,550
Ub68545eadb25,551
Ub6f86fe032ed,552
Ub76b66cd6c5d,553
Ub7adeaf802cc,554
Ub7deeb81a8b2,555
Ub80e9c104cb2,556
Ub86a99167ce7,557
Ub8731b515bee,558
Ub88006c8832f,559
Ub8a6b97c6969,560
Ub8e530aa081f,561
Ub94e73415c6a,562
Ub950bc275517,563
Ub9ac499b2887,564
Ub9b43c70fe83,565
Uba1c8ca6b899,566
Uba48f19fdb1e,567
Ubacfb9c1a3ca,568
Ubaf19efa2146,569
Ubb073a21f6c4,570
Ubb1b97eff995,571
Ubb4e197d0713,572
Ubb7caab74705,573
Ubbcc4677cef1,574
Ubc183ec39523,575
Ubc2e9eda4566,576
Ubc355ec68437,577
Ubcb00aff0151,578
Ubd35de4909a3,579
Ube0b92b779e0,580
Ube15ac31a6cd,581
Ube1ed5d2dd22,582
Ube5006e6dd5d,583
Ubf772538baf0,584
Uc04b04250c9f,585
Uc0e0d30efc68,586
Uc12a3f5dc01b,587
Uc18c0094d52f,588
Uc2179258c267,589
Uc2d7cbfea755,590
Uc2eafeeb199a,591
Uc3188498b286,592
Uc350d4536921,593
Uc3f2e99ffde9,594
Uc43682ad0fad,595
Uc439ac066a38,596
Uc442f2456aa8,597
Uc54dd91f24c4,598
Uc58069ce9da2,599
Uc5b4797ed000,600
Uc5c108aa168a,601
Uc5cd2dc76bfe,602
Uc60da11cfa6e,603
Uc6fa56070267,604
Uc7110aaf2bea,605
Uc7490c282049,606
Uc75194e97fac,607
Uc77655397c4c,608
Uc874bee1c545,609
Uc88d504bf695,610
Uc8dc43d69701,611
Uc8ee27e33cbb,612
Uc92412dddc7c,613
Uc93fb3f1d81f,614
Uc94b5429322d,615
Uc96e81eb3992,616
Uc9fc9f53967b,617
Ucaa5e34765c3,618
Ucaacb3bf5210,619
Ucaf52ae1fdca,620
Ucb6c2f0e9149,621
Ucb8b0596da83,622
Ucbbbe88f608d,623
Ucbe98c1a341e,624
Ucc857b3a2a4c,625
Ucca5196b6175,626
Ucd9b06271443,627
Ucdd976f3cab8,628
Ucdf99a0cd2b0,629
Uce0dcd5d8c2f,630
Uced7beac429f,631
Ucf5121b1dc7a,632
Ucf6509d1a494,633
Ucf67cd3dedf6,634
Ucf89a5e785b5,635
Ud043fdb4c2fe,636
Ud04c303a34f1,637
Ud060e42f88b8,638
Ud08860e90883,639
Ud08ab3eb6ab4,640
Ud08f50778b2e,641
Ud0be7050242b,642
Ud0e79e0a30b6,643
Ud1053a726167,644
Ud10d15a9de32,645
Ud136c339a74b,646
Ud1482684ee2a,647
Ud17ef5b5e754,648
Ud1dc2ee6ae70,649
Ud31580178d1c,650
Ud3331afbb2ee,651
Ud337acc90f71,652
Ud350b967add3,653
Ud3720eef98a5,654
Ud39d1962835b,655
Ud3cfecf9cc58,656
Ud3e5573593fc,657
Ud46d2cd071b9,658
Ud4c36fc32235,659
Ud4fdac290a14,660
Ud52a2060b81b,661
Ud530989c4184,662
Ud5e96e33e932,663
Ud63b58b9306e,664
Ud64bd1c41dd0,665
Ud64fe52a60a9,666
Ud66ebf5e1f66,667
Ud67004025c0b,668
Ud6e230b15905,669
Ud6e8af5b890c,670
Ud7527e2dfc4f,671
Ud7e78dbdb9f2,672
Ud87d13293d95,673
Ud891e317ebe9,674
Ud8d8092c8fe8,675
Ud8e73acc30df,676
Ud931e6b42045,677
Ud969434836f9,678
Ud97435c31b78,679
Ud988f30458dc,680
Uda31672106d9,681
Uda808773dfcb,682
Uda874e3e7165,683
Udaa4aa7246e4,684
Udad6dc9a4639,685
Udb53b7822867,686
Udbb25238ba56,687
Udca663837a6c,688
Udcc35c827775,689
Udcd7545e9dfa,690
Udd5f3bd618d5,691
Udde3baa7a884,692
Uded2be406d9b,693
Udedea8ae207e,694
Udf79a190145f,695
Udf8bc29e2f3f,696
Ue011bf99dade,697
Ue045989ec9ca,698
Ue072af4ba9d2,699
Ue09a71696079,700
Ue0a8a900cb7b,701
Ue0a9d4a85ddd,702
Ue0cc54a0978f,703
Ue0f16e914080,704
Ue100d62be1fa,705
Ue1cc6f76306b,706
Ue1da982f5ad0,707
Ue1ea6170d5ed,708
Ue29f69035ce9,709
Ue2f04e975d07,710
Ue306bf7fd466,711
Ue3b5c3f8ed97,712
Ue43952ae1d70,713
Ue4582a9c407e,714
Ue488b537d786,715
Ue4a146a7dd7d,716
Ue588c170ea45,717
Ue6421d0ffd27,718
Ue65c8cd9a182,719
Ue665b206d88a,720
Ue6da0b82bd40,721
Ue6e3a62eed14,722
Ue7097b34e841,723
Ue83b093de198,724
Ue863642ca441,725
Ue878cd9b395e,726
Ue916437b73ae,727
Ue9582b69ebfe,728
Ue971d89a94dd,729
Ue97a1b5e951e,730
Ue97f83b9be53,731
Ue991b70a8fac,732
Ue999c336c5a8,733
Uea2a672773e1,734
Uea3c62e209ed,735
Uea979d60f31c,736
Ueb306017301c,737
Ueb608ccf6373,738
Uec2056a2a077,739
Ued3b997ef713,740
Ued473848a6c1,741
Ued55a66a7e9c,742
Uedb506d443dc,743
Ueef6d0dab6d7,744
Uef35cb793711,745
Uefbb73f4b585,746
Uefc279d23c3e,747
Uefc6351e837f,748
Ueff4fbda6737,749
Uf03fe0a2e64d,750
Uf05fd455a70d,751
Uf06d008e4810,752
Uf108289db707,753
Uf1143a0dd3d6,754
Uf134cc1b74f8,755
Uf13534b7de0c,756
Uf1b77339a841,757
Uf1bd839bb79e,758
Uf2533c3e0101,759
Uf29635c1d7d8,760
Uf2a33ffd2ea4,761
Uf33e9d941313,762
Uf34b10784411,763
Uf37a683ff766,764
Uf4414fd8aa57,765
Uf457a1d637b0,766
Uf4be570e2471,767
Uf50e013c8797,768
Uf51552664247,769
Uf57a18241370,770
Uf5aabc5593b9,771
Uf6ef0a458d40,772
Uf76a42d21a7d,773
Uf78c9851cf80,774
Uf7b7d282da79,775
Uf7f415104f4d,776
Uf82d4292e949,777
Uf86ed583b96e,778
Uf87323b22adb,779
Uf8c43eda8f69,780
Uf90679e139cf,781
Uf910cfcea493,782
Ufa7ec5265820,783
Ufabffce179b9,784
Ufae774471004,785
Ufb79f7cc4e47,786
Ufc3872b95cf1,787
Ufcb9fe963e01,788
Ufd13a4ffb056,789
Ufd39325c7262,790
Ufd4ec9a5e329,791
Ufdaab3ec1fbc,792
Ufe21bbc81d6f,793
Ufe39176aa29f,794
Ufe526a296034,795
Ufe6ea18c1428,796
Ufe7dc3abb382,797
Uff055de421e5,798
Uffb70e2b3dc7,799
