hotel_id,name,location
H0000,Khách sạn Dragon King 1 Đà Lạt,Đà Lạt
H0001,Khanh Uyen 1 Hotel,Đà Lạt
H0002,Arapang Hotel 2,Đà Lạt
H0003,Khách sạn Xuân Hồng 2 Đà Lạt,Đà Lạt
H0004,Khách sạn Dạ Lan 2 Đà Lạt,Đà Lạt
H0005,AN Boutique Hotel - STAY 24H,Đà Lạt
H0006,Bazan Hotel Dalat - STAY 24H,Đà Lạt
H0007,Raon Dalat - STAY 24H,Đà Lạt
H0008,Raon Villa - STAY 24H,Đà Lạt
H0009,Vuon Xuan Hotel - STAY 24H,Đà Lạt
H0010,Khanh Uyen 3 Hotel,Đà Lạt
H0011,Khách sạn Tulip 3 Đà Lạt,Đà Lạt
H0012,Khách sạn Hoa Sen 62 Đà Lạt,Đà Lạt
H0013,TTR An Nam Apart Hotel,Đà Lạt
H0014,"Làng Bình An, Hồ Tuyền Lâm Đà Lạt",Đà Lạt
H0015,An Gia,Đà Lạt
H0016,Khu nghỉ dưỡng Ana Mandara Villas Dalat Resort and Spa,Đà Lạt
H0017,Khách sạn Arapang Đà Lạt,Đà Lạt
H0018,Hostel-John Cafe and Beer,Đà Lạt
H0019,Swiss-Belresort Tuyền Lâm - Đà Lạt,Đà Lạt
H0020,Biệt Thự Hoa Hồng Đà Lạt (Dalat Terrasse Des Roses Villa),Đà Lạt
H0021,Biệt Thự  Hoa Trà Đà Lạt,Đà Lạt
H0022,Biệt thự Khánh Lâm Đà Lạt,Đà Lạt
H0023,Làng Biệt thự Osaka Đà Lạt,Đà Lạt
H0024,Khách sạn Cẩm Tú Cầu Đà Lạt,Đà Lạt
H0025,Cereja Hotel & Resort Đà Lạt,Đà Lạt
H0026,Dalat De Charme Village,Đà Lạt
H0027,Hôtel Colline Dalat,Đà Lạt
H0028,Hôtel Colline Đà Lạt,Đà Lạt
H0029,Lys Villa Đà Lạt ( tên cũ Reveto Villa Đà Lạt),Đà Lạt
H0030,Khách sạn Roy Dala Đà Lạt,Đà Lạt
H0031,The Grace Hotel Dalat,Đà Lạt
H0032,Dalat Home Villa,Đà Lạt
H0033,Tigon Dalat Hostel,Đà Lạt
H0034,K Boutique Hotel in Dalat,Đà Lạt
H0035,Kings Hotel Dalat,Đà Lạt
H0036,Redhouse Dalat Hotel,Đà Lạt
H0037,Royal Dalat Hotel,Đà Lạt
H0038,Victorian Hotel Dalat,Đà Lạt
H0039,Dalat Wonder Resort,Đà Lạt
H0040,Khách sạn Happy Day Đà Lạt,Đà Lạt
H0041,Khách sạn Giai Điệu Đà Lạt,Đà Lạt
H0042,Khách sạn Thông Đỏ Đà Lạt,Đà Lạt
H0043,Khu Nghỉ Dưỡng Đồi Mộng Mơ Đà Lạt,Đà Lạt
H0044,Khách sạn Nice Dream Đà Lạt,Đà Lạt
H0045,Khách sạn Du Lys Đà Lạt,Đà Lạt
H0046,Khách sạn Du Parc Đà Lạt,Đà Lạt
H0047,Khách sạn Tâm Dung Đà Lạt,Đà Lạt
H0048,Khách sạn Hải Duyên Đà Lạt,Đà Lạt
H0049,Khu nghỉ dưỡng Edensee Lake Resort & Spa Đà Lạt,Đà Lạt
H0050,Khách sạn Empress Đà Lạt,Đà Lạt
H0051,Khách sạn Thi Thảo - Gardenia Đà Lạt,Đà Lạt
H0052,Vuong Gia Hotel,Đà Lạt
H0053,Khách Sạn Stop And Go Boutique Đà Lạt,Đà Lạt
H0054,Khách sạn Golf Valley Đà Lạt,Đà Lạt
H0055,Khách sạn Sài Gòn Đà Lạt,Đà Lạt
H0056,Khách sạn Hồng Hải Đà Lạt,Đà Lạt
H0057,Khách sạn Đà Lạt Palace Heritage,Đà Lạt
H0058,Khách sạn Hồng Tâm Đà Lạt,Đà Lạt
H0059,Hưng Nguyên Valley Đà Lạt,Đà Lạt
H0060,Khách sạn Iris Đà Lạt,Đà Lạt
H0061,Khách sạn Kings Đà Lạt,Đà Lạt
H0062,Khách sạn La Sapinette Đà Lạt,Đà Lạt
H0063,Khách Sạn LADALAT,Đà Lạt
H0064,Khách sạn Lake View Đà Lạt,Đà Lạt
H0065,Khách sạn TTC - Ngọc Lan Đà Lạt,Đà Lạt
H0066,Larita Da Lat Boutique Hotel,Đà Lạt
H0067,Khách sạn Lasol Boutique Đà Lạt,Đà Lạt
H0068,Khách sạn Len's Đà Lạt,Đà Lạt
H0069,Khách sạn Sandals LiLy Đà Lạt,Đà Lạt
H0070,Lovely House,Đà Lạt
H0071,Khách sạn The Luxe Đà Lạt,Đà Lạt
H0072,VES - PA Luxury Hotel,Đà Lạt
H0073,M Hotel Đà Lạt,Đà Lạt
H0074,Khách sạn Ngọc Mai Phú Đà Lạt,Đà Lạt
H0075,Khách sạn Marigold Đà Lạt,Đà Lạt
H0076,Khu nghỉ dưỡng Mercure Đà Lạt,Đà Lạt
H0077,Khách sạn Mường Thanh Đà Lạt,Đà Lạt
H0078,Nam Xuan Premium Hotel,Đà Lạt
H0079,Khách sạn Ngọc Phát Đà Lạt,Đà Lạt
H0080,Khách sạn Phố Núi Đà Lạt,Đà Lạt
H0081,Khách sạn Paradise Đà Lạt,Đà Lạt
H0082,Khách sạn Park Đà Lạt,Đà Lạt
H0083,Khách sạn Phương Uyên Đà Lạt,Đà Lạt
H0084,Pontus Hotel,Đà Lạt
H0085,Khách sạn Rum Vàng Đà Lạt,Đà Lạt
H0086,Khách sạn Sammy Đà Lạt,Đà Lạt
H0087,Khách sạn Saphir Đà Lạt,Đà Lạt
H0088,Khách sạn Stillus Boutique Đà Lạt,Đà Lạt
H0089,Khách sạn Sunny Đà Lạt,Đà Lạt
H0090,Villa T89 Đà Lạt,Đà Lạt
H0091,Khu nghỉ dưỡng Terracotta Đà Lạt,Đà Lạt
H0092,Khách sạn TTC – Đà Lạt,Đà Lạt
H0093,Tuấn Vũ Homestay,Đà Lạt
H0094,Khu Nghỉ Dưỡng Zen Valley Đà Lạt,Đà Lạt
H0095,Khách sạn Victory Đà Lạt,Đà Lạt
H0096,Khách sạn Vietsovpetro Đà Lạt,Đà Lạt
H0097,Khu nghỉ dưỡng Đà Lạt Wonder,Đà Lạt
H0098,Cherry Hotel & Apartment Da Nang - Phoenix 2 Hotel,Đà Nẵng
H0099,Sea Castle 2 Hotel Da Nang,Đà Nẵng
H0100,Raon Hotel - STAY 24H,Đà Nẵng
H0101,Khách sạn A La Carte Đà Nẵng,Đà Nẵng
H0102,Alibaba Hotel Da Nang,Đà Nẵng
H0103,Khách sạn Altara Suites Đà Nẵng,Đà Nẵng
H0104,Angel Hotel Danang,Đà Nẵng
H0105,The Garden Hotel and Apartment,Đà Nẵng
H0106,Halina Hotel and Apartment,Đà Nẵng
H0107,Seashore Hotel & Apartment,Đà Nẵng
H0108,Palmier Hotel - Art House Da Nang,Đà Nẵng
H0109,Khu nghỉ dưỡng và Spa Mikazuki Nhật Bản,Đà Nẵng
H0110,Mercure Đà Nẵng French Village BanaHills,Đà Nẵng
H0111,Khách sạn Wyndham Danang Golden Bay,Đà Nẵng
H0112,Khách sạn CANVAS Đà Nẵng Beach,Đà Nẵng
H0113,Sala Danang Beach Hotel,Đà Nẵng
H0114,HAIAN Beach Hotel & Spa,Đà Nẵng
H0115,Holiday Beach Đà Nẵng Hotel & Resort,Đà Nẵng
H0116,La Beach Hotel,Đà Nẵng
H0117,"Đà Nẵng Marriott Resort & Spa, Non Nước Beach Villas",Đà Nẵng
H0118,Khu nghỉ dưỡng Melia Đà Nẵng Beach,Đà Nẵng
H0119,Khu nghỉ dưỡng Sandy Beach Non Nước Đà Nẵng,Đà Nẵng
H0120,Khu nghỉ dưỡng Pullman Đà Nẵng Beach,Đà Nẵng
H0121,Khách sạn SALA Đà Nẵng Beach,Đà Nẵng
H0122,TMS Hotel Da Nang Beach,Đà Nẵng
H0123,Khách sạn Brown Bean,Đà Nẵng
H0124,Khách sạn Brilliant Đà Nẵng,Đà Nẵng
H0125,Khách sạn Four Points by Sheraton Đà Nẵng,Đà Nẵng
H0126,Khách sạn Royal Charm,Đà Nẵng
H0127,Thanh Hoang Chau Hotel Da Nang,Đà Nẵng
H0128,Khách sạn Gold Coast Đà Nẵng,Đà Nẵng
H0129,Rosetta Hotel Danang,Đà Nẵng
H0130,Davue Hotel Da Nang,Đà Nẵng
H0131,Khách sạn Paris Deli Đà Nẵng,Đà Nẵng
H0132,Khách sạn Kova Diamond Đà Nẵng,Đà Nẵng
H0133,Khu nghỉ dưỡng Núi Thần Tài Ebisu Đà Nẵng,Đà Nẵng
H0134,Everland Hotel,Đà Nẵng
H0135,Khách sạn King's Finger Đà Nẵng,Đà Nẵng
H0136,Flower Boutique Hotel,Đà Nẵng
H0137,Khu nghỉ dưỡng Furama Đà Nẵng,Đà Nẵng
H0138,The Secret Garden Hostel,Đà Nẵng
H0139,GIC Luxury Hotel And Spa,Đà Nẵng
H0140,Khách sạn Gold Đà Nẵng,Đà Nẵng
H0141,Menora Grand Đà Nẵng,Đà Nẵng
H0142,Muong Thanh Grand Da Nang Hotel,Đà Nẵng
H0143,Khách sạn Grand Sea Đà Nẵng,Đà Nẵng
H0144,Khu nghỉ dưỡng Sheraton Grand Đà Nẵng,Đà Nẵng
H0145,Khách sạn HAIAN Riverfront Đà Nẵng,Đà Nẵng
H0146,Khách sạn Novotel Đà Nẵng Premier Han River,Đà Nẵng
H0147,Khách sạn Hilton Đà Nẵng,Đà Nẵng
H0148,Hyatt Regency Đà Nẵng Resort & Spa,Đà Nẵng
H0149,InterContinental Đà Nẵng Sun Peninsula Resort,Đà Nẵng
H0150,Đà Nẵng - Mikazuki Japanese Resorts & Spa,Đà Nẵng
H0151,Sofiana My Khe Hotel & Spa,Đà Nẵng
H0152,King House Villa Hotel & Spa,Đà Nẵng
H0153,Le House Boutique Hotel,Đà Nẵng
H0154,Lotus Rock Hotel,Đà Nẵng
H0155,Khách sạn Mường Thanh Luxury Đà Nẵng,Đà Nẵng
H0156,Phuc Thanh Luxury Hotel,Đà Nẵng
H0157,Khách sạn Stella Maris Đà Nẵng,Đà Nẵng
H0158,Đà Nẵng Marriott Resort & Spa,Đà Nẵng
H0159,Khách sạn Meliá Vinpearl Đà Nẵng Riverfront,Đà Nẵng
H0160,Khách sạn Minh Toàn Safi Ocean Đà Nẵng,Đà Nẵng
H0161,Minh Boutique,Đà Nẵng
H0162,NAM Hotel & Spa Đà Nẵng,Đà Nẵng
H0163,Khu nghỉ dưỡng Naman Retreat Đà Nẵng,Đà Nẵng
H0164,Khu nghỉ dưỡng Risemount Premier Đà Nẵng,Đà Nẵng
H0165,Khu nghỉ dưỡng Premier Village Đà Nẵng,Đà Nẵng
H0166,Khách sạn Radisson Đà Nẵng,Đà Nẵng
H0167,Khách sạn Zalo Sea,Đà Nẵng
H0168,Sekong Hotel Da Nang,Đà Nẵng
H0169,Pho Hoi 1 Hotel,Hội An
H0170,Thanh Van 1 Hotel,Hội An
H0171,Khách sạn Thanh Bình 2,Hội An
H0172,Crony Villa - STAY 24H,Hội An
H0173,Allegro Hoi An . A Little Luxury Hotel & Spa,Hội An
H0174,Little Riverside Hoi An . A Luxury Hotel & Spa,Hội An
H0175,Khu nghỉ dưỡng Almanity Hội An Wellness,Hội An
H0176,Khu nghỉ dưỡng Anantara Hội An,Hội An
H0177,Anio Boutique Hotel Hoi An,Hội An
H0178,Hoi An Riverside Villas & Apartments,Hội An
H0179,Golden Bell Backpacker Hotel & Pool Bar,Hội An
H0180,Khu nghỉ dưỡng Palm Garden Beach Hội An,Hội An
H0181,Hoi An River Beach Resort and Residences,Hội An
H0182,Victoria Hội An Beach Resort & Spa,Hội An
H0183,Khu nghỉ dưỡng Hội An Beach,Hội An
H0184,Thanh Binh Central Hotel,Hội An
H0185,Blooms Boutique Village,Hội An
H0186,Hoi An Canal House,Hội An
H0187,Hoian Central Hotel,Hội An
H0188,La An Central Boutique Villa,Hội An
H0189,Khu nghỉ dưỡng Citadines Pearl Hội An,Hội An
H0190,Mulberry Collection Silk Village,Hội An
H0191,Cozy Savvy Boutique Hotel Hoi An,Hội An
H0192,Daisy Garden Villa Hoi An,Hội An
H0193,Khách sạn ÊMM Hội An,Hội An
H0194,Green Field Villas Hội An,Hội An
H0195,Fireworks Homestay,Hội An
H0196,Khu nghỉ dưỡng Four Seasons The Nam Hải Hội An,Hội An
H0197,Hoi An Rose Garden Hotel,Hội An
H0198,Hoi An Golden Holiday Hotel & Spa,Hội An
H0199,Golden River Hotel,Hội An
H0200,Vinpearl Resort & Golf Nam Hội An,Hội An
H0201,HOI AN HEART LODGE,Hội An
H0202,Hoa My II Hotel,Hội An
H0203,Khách Sạn Hoài Niệm Hội An,Hội An
H0204,Khách sạn Mường Thanh Holiday Hội An,Hội An
H0205,La Siesta Hội An Resort & Spa,Hội An
H0206,Laluna Hoi An Riverside Hotel & Spa,Hội An
H0207,Khách sạn Lasenta Boutique Hội An,Hội An
H0208,Hội An Memories Resort & Spa,Hội An
H0209,The Nam An Villa Hoi An,Hội An
H0210,Hoi An Odyssey Hotel & Spa,Hội An
H0211,Hội An Reverie Villas,Hội An
H0212,Son Hoi An Boutique Hotel & Spa,Hội An
H0213,TTC Hotel - Hoi An,Hội An
H0214,Hội An Việt House Homestay,Hội An
H0215,Zest Villas & Spa Hoi An,Hội An
H0216,Hong Thien 1 Hotel,Huế
H0217,Hue Sweethouse 1 Homestay,Huế
H0218,Sunny A Hotel,Huế
H0219,Alba Wellness Valley by Fusion Huế,Huế
H0220,Amona Hotel,Huế
H0221,Khu nghỉ dưỡng Angsana Lăng Cô Huế,Huế
H0222,Khu nghỉ dưỡng Banyan Tree Lăng Cô Huế,Huế
H0223,Purple Hue Central Hub,Huế
H0224,Century Riverside Hue,Huế
H0225,Cherish Hotel Hue,Huế
H0226,DMZ Hotel,Huế
H0227,Khách sạn Eldora Huế,Huế
H0228,Khách sạn ÊMM Huế,Huế
H0229,Flora Hotel Hue,Huế
H0230,Hue Four Seasons Hotel,Huế
H0231,Than Thien Friendly Hotel,Huế
H0232,Hương Giang Hotel Resort & Spa Huế,Huế
H0233,Silk Path Grand Huế Hotel & Spa,Huế
H0234,Khách sạn Mường Thanh Holiday Huế,Huế
H0235,TinTin Hostel,Huế
H0236,Khách sạn Imperial Huế,Huế
H0237,Khách sạn Indochine Palace Huế,Huế
H0238,Jade Scene Hotel,Huế
H0239,Hotel La Perle,Huế
H0240,Vedana Lagoon Resort & Spa Huế,Huế
H0241,Le Robinet Homestay,Huế
H0242,Thanh Lich Royal Boutique,Huế
H0243,White Lotus Hue Hotel,Huế
H0244,Khách sạn Meliá Vinpearl Huế,Huế
H0245,Moonlight Hotel Hue,Huế
H0246,MyFa House,Huế
H0247,Nam Phương Riverside Villa,Huế
H0248,Phong Nha Hotel Hue,Huế
H0249,Hue Nino Hotel,Huế
H0250,Orchid Hotel,Huế
H0251,Khu nghỉ dưỡng Pilgrimage Village Boutique,Huế
H0252,Khách sạn Poetic Huế,Huế
H0253,Huế Riverside Boutique Resort & Spa,Huế
H0254,Rosaleen Boutique Hotel,Huế
H0255,SOLEIL BOUTIQUE,Huế
H0256,The Sunriver Boutique Hotel Hue,Huế
H0257,Tâm Homestay,Huế
H0258,Aaron Hotel,Nha Trang
H0259,Khách sạn Alana Nha Trang,Nha Trang
H0260,Khu nghỉ dưỡng ALMA Cam Ranh,Nha Trang
H0261,Khu nghỉ dưỡng Amiana Nha Trang,Nha Trang
H0262,An Lâm Retreats Ninh Vân Bay,Nha Trang
H0263,Khu nghỉ dưỡng Pax Ana Dốc Lết,Nha Trang
H0264,Khu nghỉ dưỡng The Anam Nha Trang,Nha Trang
H0265,Khách sạn Queen Ann Nha Trang,Nha Trang
H0266,ANRIZON HOTEL NHA TRANG,Nha Trang
H0267,Art Nest Hotel & Apartment Nha Trang,Nha Trang
H0268,Azura Gold Hotel & Apartment,Nha Trang
H0269,Rex Hotel and Apartment,Nha Trang
H0270,Gold Ocean Apartments Nha Trang,Nha Trang
H0271,Khu nghỉ The Arena Cam Ranh,Nha Trang
H0272,Ariyana SmartCondotel Nha Trang,Nha Trang
H0273,Aroma Nha Trang Boutique Hotel,Nha Trang
H0274,Bondi Backpackers Nhatrang,Nha Trang
H0275,Emerald Bay Hotel & Spa,Nha Trang
H0276,LAlya Ninh Vân Bay,Nha Trang
H0277,Khu nghỉ dưỡng Six Senses Ninh Vân Bay Nha Trang,Nha Trang
H0278,Vinpearl Resort & Spa Nha Trang Bay,Nha Trang
H0279,Khách sạn Citadines Bayfront Nha Trang,Nha Trang
H0280,Khu nghỉ dưỡng Meliá Vinpearl Cam Ranh Beach,Nha Trang
H0281,Cam Ranh Riviera Beach Resort & Spa,Nha Trang
H0282,Khách sạn Merperle Beach Nha Trang,Nha Trang
H0283,Navada Beach Hotel,Nha Trang
H0284,Vinpearl Beachfront Nha Trang,Nha Trang
H0285,Khu nghỉ dưỡng Radisson Blu Cam Ranh,Nha Trang
H0286,Khu nghỉ dưỡng Duyên Hà Cam Ranh,Nha Trang
H0287,Khu nghỉ dưỡng Fusion Cam Ranh,Nha Trang
H0288,Khu Nghỉ Dưỡng Wyndham Garden Cam Ranh,Nha Trang
H0289,Khu nghỉ dưỡng Movenpick Cam Ranh,Nha Trang
H0290,Khu nghỉ dưỡng Selectum Noa Cam Ranh,Nha Trang
H0291,Swandor Cam Ranh Hotels & Resorts,Nha Trang
H0292,Khách sạn Liberty Central Nha Trang,Nha Trang
H0293,Khách sạn Star City Nha Trang,Nha Trang
H0294,Khách sạn Sun City Nha Trang,Nha Trang
H0295,Dendro Gold Hotel,Nha Trang
H0296,DTX Hotel Nha Trang,Nha Trang
H0297,Khách sạn Meliá Vinpearl Nha Trang Empire,Nha Trang
H0298,Khách sạn Empyrean Nha Trang,Nha Trang
H0299,Khách Sạn Flower Sky Nha Trang,Nha Trang
H0300,Galliot Hotel,Nha Trang
H0301,Pavillon Garden Hotel Nha Trang,Nha Trang
H0302,Khách sạn Yasaka Sài Gòn Nha Trang,Nha Trang
H0303,Khách sạn Mường Thanh Grand Nha Trang,Nha Trang
H0304,Khách sạn Premier Havana Nha Trang,Nha Trang
H0305,Muong Thanh Luxury Khanh Hoa Hotel,Nha Trang
H0306,Holi Panorama Nha Trang,Nha Trang
H0307,"Nha Trang Marriott Resort & Spa, Hon Tre Island",Nha Trang
H0308,Vinpearl Resort Nha Trang - Hon Tre Island,Nha Trang
H0309,Khu nghỉ dưỡng MerPerle Hòn Tằm Nha Trang,Nha Trang
H0310,Khách sạn iBis Styles Nha Trang,Nha Trang
H0311,Khách sạn Imperial Nha Trang,Nha Trang
H0312,Khách sạn InterContinental Nha Trang,Nha Trang
H0313,La Sera Hotel,Nha Trang
H0314,La Vague Hotel Nha Trang,Nha Trang
H0315,Le Soleil Nha Trang Hotel,Nha Trang
H0316,Khách sạn Lucky Sun Nha Trang,Nha Trang
H0317,Muong Thanh Luxury Vien Trieu Nha Trang,Nha Trang
H0318,Khách sạn Mường Thanh Luxury Nha Trang,Nha Trang
H0319,Vinpearl Luxury Nha Trang,Nha Trang
H0320,Khách sạn Majestic Premium Nha Trang,Nha Trang
H0321,Khách sạn Majestic Star Nha Trang,Nha Trang
H0322,Khách sạn Majestic Nha Trang,Nha Trang
H0323,Melissa Hotel Nha Trang,Nha Trang
H0324,Khu nghỉ dưỡng Mia Nha Trang,Nha Trang
H0325,Khách sạn TTC Premium - Michelia Nha Trang,Nha Trang
H0326,Khách sạn Modern Sky Nha Trang,Nha Trang
H0327,Khách sạn Novotel Nha Trang,Nha Trang
H0328,Putin Nha Trang Hotel,Nha Trang
H0329,Senia Hotel Nha Trang,Nha Trang
H0330,Khách sạn Senkotel Nha Trang,Nha Trang
H0331,Sheraton Nha Trang Hotel & Spa,Nha Trang
H0332,Smile Hotel Nha Trang,Nha Trang
H0333,V Hotel Nha Trang,Nha Trang
H0334,Vinpearl Resort Nha Trang,Nha Trang
H0335,Virgo Hotel Nha Trang,Nha Trang
H0336,86 Homestay Phan Thiết,Phan Thiết
H0337,Allezboo Beach Resort & Spa Phan Thiết,Phan Thiết
H0338,Hotel Khanh An,Phan Thiết
H0339,Khu nghỉ dưỡng The Anam Mũi Né,Phan Thiết
H0340,Anantara Resort & Spa Mũi Né,Phan Thiết
H0341,Aroma Beach Resort & Spa Phan Thiết,Phan Thiết
H0342,Azerai Ke Ga Bay,Phan Thiết
H0343,Bamboo Village Beach Resort & Spa Mũi Né,Phan Thiết
H0344,Khu nghỉ dưỡng The Sailing Bay Beach Phan Thiết,Phan Thiết
H0345,Khu nghỉ dưỡng Muine Bay Phan Thiết,Phan Thiết
H0346,Khu nghỉ dưỡng Rock Water Bay Phan Thiết,Phan Thiết
H0347,Villa Del Sol Beach Resort  & Spa Phan Thiết,Phan Thiết
H0348,Rạng Garden Beach Side Resort,Phan Thiết
H0349,Sea Links Beach Resort & Golf,Phan Thiết
H0350,Khách sạn Sea Links Beach Phan Thiết,Phan Thiết
H0351,Sea Links Beach Villas Phan Thiết,Phan Thiết
H0352,Khu nghỉ dưỡng Minh Tâm Beach Phan Thiết,Phan Thiết
H0353,Sandunes Beach Resort and Spa,Phan Thiết
H0354,Sunny Beach Resort & Spa Phan Thiết,Phan Thiết
H0355,Victoria Phan Thiết Beach Resort & Spa,Phan Thiết
H0356,Nghĩ dưỡng Biển Ngọc,Phan Thiết
H0357,Khu nghỉ dưỡng Centara Mirage Mũi Né,Phan Thiết
H0358,The Cliff Resort & Residences Phan Thiết,Phan Thiết
H0359,Cô Tư's Homestay,Phan Thiết
H0360,Huy Đạt Hotel,Phan Thiết
H0361,Khu Nghỉ Dưỡng Tiến Đạt Mũi Né,Phan Thiết
H0362,The Dream Resort & Spa,Phan Thiết
H0363,Minh Duc Guesthouse,Phan Thiết
H0364,Khu nghỉ dưỡng Ocean Dunes Phan Thiết,Phan Thiết
H0365,Mi Nhon Em Hotel Muine,Phan Thiết
H0366,Hai Yen Family Resort,Phan Thiết
H0367,Nohana Hotel (Former Y Khoa Hotel),Phan Thiết
H0368,Khu nghỉ dưỡng TTC Premium Kê Gà,Phan Thiết
H0369,Hotel Minh Hang,Phan Thiết
H0370,Hanh Huong Hostel,Phan Thiết
H0371,Minh Hien Hotel,Phan Thiết
H0372,Nhà nghỉ Hùng Hoa,Phan Thiết
H0373,Hoang Long Hotel Phan Thiết,Phan Thiết
H0374,Khách sạn Mường Thanh Holiday Mũi Né,Phan Thiết
H0375,Khách sạn Minh Hùng,Phan Thiết
H0376,Khu nghỉ dưỡng Le Viva Mũi Né,Phan Thiết
H0377,LIM House,Phan Thiết
H0378,Ocean Vista Sea Links Phan Thiết,Phan Thiết
H0379,Lotus Village Resort Mui Ne,Phan Thiết
H0380,Mövenpick Resort Phan Thiet,Phan Thiết
H0381,Tulip Mui Ne,Phan Thiết
H0382,Khách sạn Vipol Mũi Né,Phan Thiết
H0383,Mũi Né Boutique Hotel,Phan Thiết
H0384,Homestay Song Ngọc Phan Thiết,Phan Thiết
H0385,Sea Night Hotel,Phan Thiết
H0386,Khu nghỉ dưỡng Novela Phan Thiết,Phan Thiết
H0387,Khu nghỉ dưỡng Pandanus Phan Thiết,Phan Thiết
H0388,Resort Poshanu,Phan Thiết
H0389,Khách sạn TTC Premium Phan Thiết,Phan Thiết
H0390,Radisson Resort Phan Thiet,Phan Thiết
H0391,Surf4You Residence,Phan Thiết
H0392,Romana Resort & Spa Phan Thiết,Phan Thiết
H0393,Seahorse Resort & Spa Phan Thiết,Phan Thiết
H0394,Terracotta Resort & Spa Phan Thiết,Phan Thiết
H0395,TTC Hotel Phan Thiết,Phan Thiết
H0396,Khu nghỉ dưỡng Premier Village Phu Quoc Managed By Accor,Phú Quốc
H0397,Khu nghỉ dưỡng Amarin Phú Quốc,Phú Quốc
H0398,"InterContinental Phu Quoc Long Beach Resort, an IHG Hotel",Phú Quốc
H0399,Khu nghỉ dưỡng Arcadia Phú Quốc,Phú Quốc
H0400,L'Azure Resort & Spa Phú Quốc,Phú Quốc
H0401,Venus Hotel & Sky Bar Phu Quoc,Phú Quốc
H0402,Coral Bay Resort,Phú Quốc
H0403,JW Marriott Phu Quoc Emerald Bay Resort & Spa,Phú Quốc
H0404,Khu Nghỉ Dưỡng Premier Residences Phú Quốc Emerald Bay,Phú Quốc
H0405,Mango Bay Resort,Phú Quốc
H0406,Ocean Bay Phu Quoc Resort and Spa,Phú Quốc
H0407,Dusit Princess Moonrise Beach Resort,Phú Quốc
H0408,Khu nghỉ dưỡng InterContinental Phu Quoc Long Beach,Phú Quốc
H0409,Thanh Kieu Beach Resort,Phú Quốc
H0410,Sheraton Phú Quốc Long Beach Resort,Phú Quốc
H0411,Best Western Premier Sonasea Phu Quoc,Phú Quốc
H0412,Khu nghỉ dưỡng Radisson Blu Phú Quốc,Phú Quốc
H0413,Blue Sky Phú Quốc Hotel,Phú Quốc
H0414,Salinda Resort Phu Quoc - Sparkling Wine Breakfast,Phú Quốc
H0415,Linh Dan Bungalow,Phú Quốc
H0416,Huong Giang Bungalow,Phú Quốc
H0417,S Bungalow Phu Quoc,Phú Quốc
H0418,SOL by Meliá Phu Quoc,Phú Quốc
H0419,Cassia Cottage,Phú Quốc
H0420,Khu nghỉ dưỡng Crowne Plaza Phú Quốc Starbay,Phú Quốc
H0421,Khách sạn Đông Xuân Hồng Phú Quốc,Phú Quốc
H0422,Khu Nghỉ Dưỡng Elwood Phú Quốc,Phú Quốc
H0423,Famiana Resort & Spa Phú Quốc,Phú Quốc
H0424,Khách sạn VinHolidays Fiesta Phú Quốc,Phú Quốc
H0425,Khách sạn Wyndham Garden Grandworld Phú Quốc,Phú Quốc
H0426,Khu nghỉ dưỡng Wyndham Grand Phú Quốc,Phú Quốc
H0427,Halona Hotel Phu Quoc,Phú Quốc
H0428,Khu nghỉ dưỡng Kim Hoa Phú Quốc,Phú Quốc
H0429,Khách Sạn Tùng Hương Phú Quốc,Phú Quốc
H0430,Khu Nghỉ Dưỡng La Mer Phú Quốc,Phú Quốc
H0431,Khu Nghỉ Dưỡng Lahana Phú Quốc,Phú Quốc
H0432,Khách sạn Mường Thanh Luxury Phú Quốc,Phú Quốc
H0433,The May Hotel Phu Quoc,Phú Quốc
H0434,Khu nghỉ dưỡng Meliá Vinpearl Phú Quốc,Phú Quốc
H0435,Mercury Phú Quốc Resort & Villas,Phú Quốc
H0436,Mövenpick Villas & Residences Phu Quoc,Phú Quốc
H0437,Mövenpick Resort Waverly Phu Quoc,Phú Quốc
H0438,Khu nghỉ dưỡng New World  Phú Quốc,Phú Quốc
H0439,Khu nghỉ dưỡng Novotel Phú Quốc,Phú Quốc
H0440,The Palmy Phú Quốc Resort & Spa,Phú Quốc
H0441,Khu nghỉ dưỡng Pullman Phú Quốc,Phú Quốc
H0442,Sunset Sanato Resort & Villas Phú Quốc,Phú Quốc
H0443,Sea Star Resort,Phú Quốc
H0444,Seashells Phu Quoc Hotel & Spa,Phú Quốc
H0445,Sen Hotel Phu Quoc,Phú Quốc
H0446,The Shells Resort & Spa Phú Quốc,Phú Quốc
H0447,VARIA Hotel,Phú Quốc
H0448,VinOasis Phu Quoc,Phú Quốc
H0449,Vinpearl Wonderworld Phú Quốc,Phú Quốc
H0450,Vinpearl Resort & Spa Phú Quốc,Phú Quốc
H0451,Khách sạn Hoàng Yến 1 Quy Nhơn,Quy Nhơn
H0452,La Cactus Hotel 2,Quy Nhơn
H0453,RAON Hotel - STAY 24H,Quy Nhơn
H0454,An Ngân Phú Hotel,Quy Nhơn
H0455,Khu nghỉ dưỡng Anantara Quy Nhơn Villas,Quy Nhơn
H0456,Khách sạn ANYA Premier Quy Nhơn,Quy Nhơn
H0457,Khách sạn ANYA Quy Nhơn,Quy Nhơn
H0458,FLC SEA TOWER APARTMENT Minh Minh,Quy Nhơn
H0459,Khách sạn Hải Âu Quy Nhơn,Quy Nhơn
H0460,Avani Quy Nhơn Resort & Spa,Quy Nhơn
H0461,Mira Bãi Xếp Quy Nhơn - The Hidden Jewel,Quy Nhơn
H0462,Quy Nhơn Balahouse,Quy Nhơn
H0463,FLC City Hotel Beach Quy Nhơn,Quy Nhơn
H0464,BED STATION HOSTEL,Quy Nhơn
H0465,Blue Sea Hotel Quy Nhon,Quy Nhơn
H0466,La Cactus Hotel,Quy Nhơn
H0467,Hoang Yen Canary Hotel Quy Nhon,Quy Nhơn
H0468,Khu nghỉ dưỡng Casa Marina Quy Nhơn,Quy Nhơn
H0469,TMS Luxury Condotel Quy Nhơn,Quy Nhơn
H0470,Khu nghỉ dưỡng Crown Retreat Quy Nhơn,Quy Nhơn
H0471,Khu nghỉ dưỡng Dankbaar Quy Nhơn,Quy Nhơn
H0472,Fleur de Lys Hotel Quy Nhon,Quy Nhơn
H0473,Delight Hotel,Quy Nhơn
H0474,Hong Diep Hotel Quy Nhon,Quy Nhơn
H0475,Khách sạn Phương Đông,Quy Nhơn
H0476,Mira Eco Hotel Quy Nhơn,Quy Nhơn
H0477,FLC Sea Tower Quy Nhơn - Enochnguyen,Quy Nhơn
H0478,Khách sạn FLC Grand Quy Nhơn,Quy Nhơn
H0479,Khách sạn FLC Luxury Quy Nhơn,Quy Nhơn
H0480,Khu nghỉ dưỡng FLC Luxury Quy Nhơn,Quy Nhơn
H0481,Khách sạn Grand Hyams Quy Nhơn,Quy Nhơn
H0482,The Kila Boutique Hotel,Quy Nhơn
H0483,Ly Ky Hotel,Quy Nhơn
H0484,Khu nghỉ dưỡng Maia Quy Nhơn,Quy Nhơn
H0485,Mento Hotel Quy Nhon,Quy Nhơn
H0486,Mira Hotel,Quy Nhơn
H0487,Khách sạn Mường Thanh Quy Nhơn,Quy Nhơn
H0488,Nam Thu Hotel,Quy Nhơn
H0489,O.Six Resort,Quy Nhơn
H0490,Khách sạn Seagull Quy Nhơn,Quy Nhơn
H0491,TH Quy Nhơn Hotel,Quy Nhơn
H0492,Hotel Hoai Anh,Vũng Tàu
H0493,Annata Beach Hotel,Vũng Tàu
H0494,Fati Boutique Hotel & Apartment,Vũng Tàu
H0495,Marine Hotel & Apartment,Vũng Tàu
H0496,Vung Tau Melody Apartment,Vũng Tàu
H0497,RIO Hotel and Apartment,Vũng Tàu
H0498,The Song Vung Tau Apartment,Vũng Tàu
H0499,Khách sạn Marina Bay Côn Đảo,Vũng Tàu
H0500,Marina Bay Resort & Spa Vũng Tàu,Vũng Tàu
H0501,Khu nghỉ dưỡng Carmelina Beach Hồ Tràm,Vũng Tàu
H0502,Oceanami Villas & Beach Club Long Hải,Vũng Tàu
H0503,Melia Hồ Tràm Beach Resort,Vũng Tàu
H0504,Hồ Tràm Beach Boutique Resort & Spa,Vũng Tàu
H0505,Khách Sạn Malibu Beach Vũng Tàu,Vũng Tàu
H0506,Sun Beach Hotel,Vũng Tàu
H0507,Bella VT Hotel,Vũng Tàu
H0508,Khu nghỉ dưỡng & biệt thự Sanctuary Hồ Tràm,Vũng Tàu
H0509,Minera Hot Springs Bình Châu (Khoáng Nóng Thiên Nhiên Bình Châu),Vũng Tàu
H0510,Khách sạn Bưu Điện Vũng Tàu,Vũng Tàu
H0511,CAMY Hotel Vung Tau,Vũng Tàu
H0512,Can ho Melody Vung Tau - Your Homestay,Vũng Tàu
H0513,Khách sạn The Cap Vũng Tàu,Vũng Tàu
H0514,La Casa Boutique Hotel,Vũng Tàu
H0515,Cen Hotel,Vũng Tàu
H0516,Poulo Condor Boutique Resort & Spa Côn Đảo,Vũng Tàu
H0517,Khách sạn The Secret Côn Đảo,Vũng Tàu
H0518,Khu nghỉ dưỡng Six Senses Côn Đảo,Vũng Tàu
H0519,Côn Đảo Resort,Vũng Tàu
H0520,Khách sạn Corvin Vũng Tàu,Vũng Tàu
H0521,Khách sạn Minh Đăng Vũng Tàu,Vũng Tàu
H0522,Khu nghỉ dưỡng Fleur de Lys Long Hải,Vũng Tàu
H0523,Đức Trọng Hotel,Vũng Tàu
H0524,Khách sạn Fusion Suites Vũng Tàu,Vũng Tàu
H0525,Khách sạn InterContinental Grand Hồ Tràm,Vũng Tàu
H0526,Khách sạn Green Vũng Tàu,Vũng Tàu
H0527,Khu nghỉ dưỡng Hải Dương Intourco Vũng Tàu,Vũng Tàu
H0528,Khu nghỉ dưỡng Lan Rừng Phước Hải,Vũng Tàu
H0529,Saint Simeon Resort & Spa Long Hải,Vũng Tàu
H0530,Khu nghỉ dưỡng Holiday Inn Hồ Tràm,Vũng Tàu
H0531,Khu nghỉ dưỡng Le Palmier Hồ Tràm,Vũng Tàu
H0532,Khu nghỉ dưỡng Seava Hồ Tràm,Vũng Tàu
H0533,Khu nghỉ dưỡng Vietsovpetro Hồ Tràm,Vũng Tàu
H0534,Khách sạn San Hô Vũng Tàu,Vũng Tàu
H0535,Khách sạn Hoàng Yến,Vũng Tàu
H0536,Khách sạn Mường Thanh Holiday Vũng Tàu,Vũng Tàu
H0537,ibis Styles Vung Tau,Vũng Tàu
H0538,Khách sạn Imperial Vũng Tàu,Vũng Tàu
H0539,Khu nghỉ dưỡng Intourco  Vũng Tàu,Vũng Tàu
H0540,Sun Lake Hotel,Vũng Tàu
H0541,Malibu Hotel,Vũng Tàu
H0542,Mercure Hotel Vũng Tàu,Vũng Tàu
H0543,Khách sạn Mermaid Seaside Vũng Tàu,Vũng Tàu
H0544,Milan Homestay - The Song Vung Tau,Vũng Tàu
H0545,Khách sạn Tháng Mười,Vũng Tàu
H0546,Khách sạn New Wave Vũng Tàu,Vũng Tàu
H0547,Nolis Hotel Vung Tau,Vũng Tàu
H0548,Khách sạn Premier Pearl Vũng Tàu,Vũng Tàu
H0549,Pullman Vung Tau,Vũng Tàu
H0550,Khách sạn Rex Vũng Tàu,Vũng Tàu
H0551,Khách sạn Riva Vũng Tàu,Vũng Tàu
H0552,Khách sạn Romeliess Vũng Tàu,Vũng Tàu
H0553,Khách sạn Royal Vũng Tàu,Vũng Tàu
H0554,Khách sạn Sammy Vũng Tàu,Vũng Tàu
H0555,Seaside Resort Vung Tau,Vũng Tàu
H0556,Song Homestay - The Song Vung Tau,Vũng Tàu
H0557,Vias Hotel Vung Tau,Vũng Tàu
H0558,Vietsovpetro Resort,Vũng Tàu
H0559,VND Hotel,Vũng Tàu
