rater_1,rater_2,rater_3
1,1,1
1,1,1
1,1,1
1,1,1
0,1,1
1,1,1
1,1,1
1,1,1
1,1,1
1,1,1
1,1,1
1,1,1
1,1,1
1,1,1
1,0,1
1,1,1
1,1,1
0,0,0
1,1,1
1,1,0
1,1,1
1,0,1
1,0,1
1,1,1
1,1,1
1,1,1
0,1,1
0,0,0
1,1,1
1,1,1
1,1,1
1,1,1
1,1,0
1,1,1
1,0,0
1,1,1
1,1,1
1,1,1
0,1,1
1,1,1
1,1,1
1,1,1
1,1,0
1,1,1
1,1,1
1,1,1
1,1,0
1,1,1
1,1,1
1,1,0
1,0,1
0,0,0
1,1,1
1,1,1
1,1,1
1,1,1
1,1,1
1,1,1
1,1,1
1,1,1
1,1,1
1,1,1
1,1,1
1,1,1
1,1,1
1,1,1
1,1,1
1,1,1
0,0,0
0,1,1
1,1,1
1,1,1
1,1,1
1,1,1
0,0,0
1,1,1
1,1,1
1,1,1
1,1,1
1,1,1
0,1,1
1,1,1
1,1,0
1,1,1
0,1,0
1,1,1
0,1,1
1,1,1
1,1,1
1,1,1
1,1,1
1,1,1
1,1,1
1,1,1
1,1,1
1,1,1
1,1,1
1,1,1
1,1,1
1,1,1
1,1,1
1,1,1
1,1,1
1,1,1
1,1,1
1,1,1
1,1,1
1,1,1
1,1,1
1,1,1
1,1,1
1,1,1
1,1,1
1,1,1
1,1,1
1,1,1
1,1,1
1,1,1
1,0,1
1,1,1
1,1,1
1,1,1
1,1,0
1,1,1
0,0,0
1,1,0
1,1,1
1,1,1
1,1,1
1,1,1
1,1,1
1,1,1
1,1,1
1,1,1
1,0,1
0,0,0
1,1,1
1,1,1
1,1,1
1,1,1
1,1,0
1,1,1
1,1,1
1,1,0
1,1,1
1,1,1
1,1,1
1,1,1
1,1,1
0,0,0
1,1,1
1,1,1
1,1,1
1,1,1
1,0,1
1,1,1
1,1,1
1,1,1
1,1,0
1,1,1
1,1,1
1,1,1
1,1,0
0,0,0
1,1,1
1,1,0
1,1,1
1,1,0
1,1,1
1,1,1
1,1,1
1,1,1
1,1,1
1,1,1
1,1,0
0,0,0
1,1,1
1,1,1
1,1,1
1,1,1
1,1,1
1,1,1
1,1,1
1,1,1
1,1,1
1,1,1
1,1,1
1,1,1
1,1,1
1,0,1
1,1,1
1,1,1
1,1,1
1,1,1
0,0,0
1,1,1
1,1,0
1,1,1
1,1,1
1,1,1
