pair_id,stratum,algo_merge,merge_nameonly,merge_resolved,jaccard,seq_ratio,same_city,n_inter_a,n_inter_b
P0000,random_negative,False,False,False,0.0,0.0,False,135,8
P0001,top_similar,False,False,False,0.7143,0.8065,True,106,2
P0002,hard_negative,False,False,False,0.5,0.7347,True,2,2
P0003,top_similar,False,False,False,0.8333,0.875,True,13,12
P0004,random_negative,False,False,False,0.0,0.0,False,4,4
P0005,random_negative,False,False,False,0.0,0.0,False,11,2
P0006,hard_negative,False,False,False,0.5714,0.7347,True,1,2
P0007,hard_negative,False,False,False,0.5714,0.7347,True,2,20
P0008,random_negative,False,False,False,0.0,0.0,False,6,23
P0009,hard_negative,False,False,False,0.5714,0.7143,True,26,34
P0010,random_negative,False,False,False,0.2,0.4571,False,17,41
P0011,top_similar,False,False,False,0.7143,0.8197,True,2,106
P0012,hard_negative,False,False,False,0.5,0.6667,True,4,1
P0013,random_negative,False,False,False,0.0,0.0,False,6,67
P0014,top_similar,False,False,False,0.75,0.7273,True,9,10
P0015,hard_negative,False,False,False,0.5714,0.8163,True,9,7
P0016,hard_negative,False,False,False,0.3,0.7241,False,8,54
P0017,top_similar,False,False,False,0.7143,0.8182,True,2,8
P0018,algo_merge,True,True,True,0.4286,0.5926,True,106,36
P0019,hard_negative,False,False,False,0.1429,0.7222,False,30,108
P0020,random_negative,False,False,False,0.0,0.0,False,6,26
P0021,hard_negative,False,False,False,0.375,0.6923,False,19,7
P0022,hard_negative,False,False,False,0.5,0.7143,True,1,22
P0023,top_similar,False,False,False,0.7143,0.8571,True,5,4
P0024,hard_negative,False,False,False,0.5714,0.8261,True,13,7
P0025,hard_negative,False,False,False,0.5,0.678,True,1,10
P0026,hard_negative,False,False,False,0.5714,0.7755,True,4,3
P0027,random_negative,False,False,False,0.1667,0.3784,False,37,53
P0028,random_negative,False,False,False,0.0,0.0,False,20,28
P0029,hard_negative,False,False,False,0.375,0.5902,True,96,57
P0030,hard_negative,False,False,False,0.6667,0.8235,True,58,25
P0031,hard_negative,False,False,False,0.4,0.5128,True,14,4
P0032,random_negative,False,False,False,0.0,0.0,False,157,32
P0033,top_similar,False,False,False,0.7143,0.5479,True,4,29
P0034,random_negative,False,False,False,0.1667,0.4444,False,23,10
P0035,top_similar,False,False,False,0.7143,0.8,True,20,45
P0036,random_negative,False,False,False,0.0,0.0,False,41,118
P0037,random_negative,False,False,False,0.0,0.0,False,2,24
P0038,random_negative,False,False,False,0.1667,0.3636,False,6,6
P0039,random_negative,False,False,False,0.0,0.0,False,58,6
P0040,hard_negative,False,False,False,0.4444,0.6471,True,19,31
P0041,hard_negative,False,False,False,0.5714,0.7619,True,1,3
P0042,top_similar,False,False,False,0.7143,0.7937,True,6,18
P0043,top_similar,False,False,False,0.7143,0.807,True,1,172
P0044,top_similar,False,False,False,0.75,0.9375,True,64,34
P0045,top_similar,False,False,False,0.6667,0.8511,True,10,58
P0046,random_negative,False,False,False,0.0,0.0,False,20,17
P0047,top_similar,False,False,False,0.7143,0.8,True,2,2
P0048,hard_negative,False,False,False,0.4,0.7407,True,42,20
P0049,random_negative,False,False,False,0.0,0.0,False,5,3
P0050,algo_merge,True,False,True,0.3333,0.7407,True,13,41
P0051,hard_negative,False,False,False,0.4286,0.5965,True,1,9
P0052,random_negative,False,False,False,0.0,0.0,False,6,4
P0053,algo_merge,True,True,True,0.6667,0.8315,True,39,8
P0054,algo_merge,True,True,True,0.6667,0.8,True,31,143
P0055,hard_negative,False,False,False,0.25,0.7347,False,32,3
P0056,random_negative,False,False,False,0.0,0.0,False,6,10
P0057,top_similar,False,False,False,0.7143,0.8571,True,2,69
P0058,random_negative,False,False,False,0.0,0.0,False,97,17
P0059,top_similar,False,False,False,0.7143,0.7826,True,2,16
P0060,hard_negative,False,False,False,0.4,0.6866,True,7,7
P0061,random_negative,False,False,False,0.0,0.0,False,34,1
P0062,top_similar,False,False,False,0.7143,0.7937,True,18,34
P0063,top_similar,False,False,False,0.7143,0.5753,True,5,29
P0064,random_negative,False,False,False,0.0,0.0,False,16,29
P0065,algo_merge,True,True,True,1.0,0.7097,True,176,2
P0066,hard_negative,False,False,False,0.5,0.76,True,6,7
P0067,hard_negative,False,False,False,0.5,0.717,True,10,26
P0068,hard_negative,False,False,False,0.5,0.7451,True,13,45
P0069,top_similar,False,False,False,0.7143,0.9123,True,3,172
P0070,hard_negative,False,False,False,0.4444,0.7385,True,7,15
P0071,random_negative,False,False,False,0.1111,0.4706,False,146,3
P0072,top_similar,False,False,False,0.6667,0.8696,True,1,18
P0073,hard_negative,False,False,False,0.5,0.8302,True,37,31
P0074,random_negative,False,False,False,0.1429,0.4651,False,119,29
P0075,hard_negative,False,False,False,0.1667,0.7742,True,96,66
P0076,algo_merge,True,True,False,0.6,0.8095,False,72,54
P0077,top_similar,False,False,False,0.7143,0.8852,True,38,129
P0078,random_negative,False,False,False,0.0,0.0,False,19,6
P0079,top_similar,False,False,False,0.6667,0.8571,True,33,18
P0080,top_similar,False,False,False,0.6667,0.913,True,10,7
P0081,random_negative,False,False,False,0.0,0.0,False,4,8
P0082,top_similar,False,False,False,0.7143,0.8529,True,2,35
P0083,top_similar,False,False,False,0.6667,0.8444,True,2,18
P0084,algo_merge,True,True,True,1.0,1.0,True,17,4
P0085,algo_merge,True,False,True,0.5714,0.7812,True,4,21
P0086,top_similar,False,False,False,0.7143,0.8197,True,2,129
P0087,hard_negative,False,False,False,0.625,0.7536,True,29,106
P0088,hard_negative,False,False,False,0.4444,0.625,True,7,10
P0089,top_similar,False,False,False,0.8333,0.8519,True,5,37
P0090,top_similar,False,False,False,0.7143,0.7812,True,3,24
P0091,random_negative,False,False,False,0.2,0.5333,False,225,6
P0092,hard_negative,False,False,False,0.4444,0.7059,True,5,20
P0093,random_negative,False,False,False,0.0,0.0,False,48,62
P0094,random_negative,False,False,False,0.125,0.3571,True,55,118
P0095,hard_negative,False,False,False,0.4,0.6154,True,96,18
P0096,random_negative,False,False,False,0.0,0.0,False,4,22
P0097,random_negative,False,False,False,0.3,0.5833,False,8,16
P0098,algo_merge,True,False,True,0.2222,0.5974,True,10,6
P0099,top_similar,False,False,False,0.7143,0.8966,True,2,15
P0100,random_negative,False,False,False,0.0,0.0,False,6,18
P0101,hard_negative,False,False,False,0.5714,0.72,True,20,1
P0102,random_negative,False,False,False,0.0,0.0,False,3,29
P0103,random_negative,False,False,False,0.0,0.0,False,31,10
P0104,algo_merge,True,True,False,0.625,0.7536,True,20,24
P0105,random_negative,False,False,False,0.0,0.0,False,19,107
P0106,hard_negative,False,False,False,0.625,0.7692,True,3,2
P0107,random_negative,False,False,False,0.0,0.0,True,33,59
P0108,algo_merge,True,True,True,0.5,0.7027,True,14,35
P0109,algo_merge,True,True,True,0.5,0.619,True,3,44
P0110,random_negative,False,False,False,0.1818,0.4474,False,6,5
P0111,top_similar,False,False,False,0.7143,0.8485,True,8,35
P0112,hard_negative,False,False,False,0.5,0.3571,False,11,55
P0113,hard_negative,False,False,False,0.4,0.5714,True,45,107
P0114,top_similar,False,False,False,0.7143,0.8276,True,2,6
P0115,top_similar,False,False,False,0.6667,0.8611,True,48,6
P0116,random_negative,False,False,False,0.0,0.0,False,11,49
P0117,hard_negative,False,False,False,0.5,0.619,True,33,66
P0118,top_similar,False,False,False,0.8333,0.88,True,10,32
P0119,random_negative,False,False,False,0.0,0.0,False,59,34
P0120,hard_negative,False,False,False,0.4444,0.7143,True,42,10
P0121,hard_negative,False,False,False,0.4444,0.8302,True,20,21
P0122,top_similar,False,False,False,0.8571,0.8533,True,5,3
P0123,algo_merge,True,True,False,0.4444,0.7619,True,23,208
P0124,random_negative,False,False,False,0.0,0.0,False,2,7
P0125,random_negative,False,False,False,0.0,0.0,False,48,17
P0126,top_similar,False,False,False,0.6667,0.8636,True,3,13
P0127,top_similar,False,False,False,0.6667,0.875,True,34,58
P0128,hard_negative,False,False,False,0.375,0.7692,False,9,1
P0129,random_negative,False,False,False,0.0,0.0,False,50,6
P0130,top_similar,False,False,False,0.6667,0.8511,True,23,3
P0131,top_similar,False,False,False,0.6667,0.8571,True,8,19
P0132,hard_negative,False,False,False,0.5714,0.8923,True,5,40
P0133,random_negative,False,False,False,0.2222,0.4483,False,15,100
P0134,random_negative,False,False,False,0.0,0.0,True,4,15
P0135,random_negative,False,False,False,0.125,0.5238,False,14,45
P0136,random_negative,False,False,False,0.0,0.0,False,43,19
P0137,random_negative,False,False,False,0.0769,0.2857,False,32,20
P0138,random_negative,False,False,False,0.0,0.0,False,15,23
P0139,hard_negative,False,False,False,0.5714,0.7391,True,3,2
P0140,random_negative,False,False,False,0.0,0.0,False,2,8
P0141,top_similar,False,False,False,0.6667,0.8627,True,308,23
P0142,hard_negative,False,False,False,0.5,0.717,True,1,13
P0143,hard_negative,False,False,False,0.5,0.6774,True,10,1
P0144,random_negative,False,False,False,0.0,0.0,False,57,118
P0145,hard_negative,False,False,False,0.5,0.7925,True,26,3
P0146,top_similar,False,False,False,0.7143,0.7826,True,16,35
P0147,random_negative,False,False,False,0.1429,0.44,False,54,46
P0148,random_negative,False,False,False,0.0,0.0,False,1,36
P0149,top_similar,False,False,False,0.7143,0.8065,True,129,2
P0150,hard_negative,False,False,False,0.5,0.449,True,61,14
P0151,top_similar,False,False,False,0.6667,0.8511,True,8,3
P0152,hard_negative,False,False,False,0.4444,0.6234,True,12,4
P0153,random_negative,False,False,False,0.0,0.0,True,44,6
P0154,random_negative,False,False,False,0.25,0.6038,False,37,3
P0155,hard_negative,False,False,False,0.4167,0.7447,False,6,2
P0156,random_negative,False,False,False,0.0,0.0,False,5,3
P0157,random_negative,False,False,False,0.0,0.0,True,44,4
P0158,hard_negative,False,False,False,0.5,0.76,True,4,2
P0159,random_negative,False,False,False,0.1429,0.5128,False,6,17
P0160,random_negative,False,False,False,0.2,0.5714,False,19,126
P0161,top_similar,False,False,False,0.75,0.8732,True,15,7
P0162,hard_negative,False,False,False,0.5714,0.8261,True,19,7
P0163,random_negative,False,False,False,0.1,0.4286,False,13,3
P0164,hard_negative,False,False,False,0.5,0.7308,True,26,7
P0165,random_negative,False,False,False,0.0,0.0,False,9,53
P0166,hard_negative,False,False,False,0.4286,0.7037,True,121,46
P0167,top_similar,False,False,False,0.7143,0.8511,True,6,5
P0168,top_similar,False,False,False,0.6667,0.8571,True,34,10
P0169,random_negative,False,False,False,0.0,0.0,False,67,108
P0170,hard_negative,False,False,False,0.5,0.5952,True,38,26
P0171,algo_merge,True,True,True,1.0,1.0,True,56,21
P0172,random_negative,False,False,False,0.0,0.0,False,6,10
P0173,random_negative,False,False,False,0.0,0.0,False,4,40
P0174,hard_negative,False,False,False,0.5714,0.7018,True,6,2
P0175,hard_negative,False,False,False,0.5714,0.75,True,3,10
P0176,algo_merge,True,True,True,0.5,0.5455,True,20,16
P0177,random_negative,False,False,False,0.0,0.0,False,12,46
P0178,top_similar,False,False,False,0.6667,0.8696,True,33,1
P0179,top_similar,False,False,False,0.7143,0.7843,True,21,2
P0180,random_negative,False,False,False,0.0,0.0,False,7,72
P0181,hard_negative,False,False,False,0.3333,0.807,False,2,11
P0182,hard_negative,False,False,False,0.5,0.8,True,9,10
P0183,random_negative,False,False,False,0.2857,0.64,False,17,37
P0184,hard_negative,False,False,False,0.4,0.7273,True,42,26
P0185,hard_negative,False,False,False,0.4,0.6061,True,51,96
P0186,hard_negative,False,False,False,0.5,0.6909,True,4,10
P0187,random_negative,False,False,False,0.0,0.0,False,1,24
P0188,top_similar,False,False,False,0.7143,0.7,True,282,54
P0189,hard_negative,False,False,False,0.4444,0.6364,True,7,3
P0190,hard_negative,False,False,False,0.5556,0.7733,True,7,16
P0191,hard_negative,False,False,False,0.5,0.6588,True,14,3
P0192,hard_negative,False,False,False,0.5714,0.766,True,2,13
P0193,algo_merge,True,False,True,0.6667,0.8519,True,10,3
P0194,top_similar,False,False,False,0.7143,0.5526,True,6,29
P0195,top_similar,False,False,False,0.7143,0.8197,True,2,18
P0196,hard_negative,False,False,False,0.4286,0.6667,True,9,37
P0197,top_similar,False,False,False,0.6667,0.8444,True,2,33
P0198,top_similar,False,False,False,0.6667,0.9091,True,3,43
P0199,hard_negative,False,False,False,0.5714,0.7843,True,10,8
P0200,random_negative,False,False,False,0.0,0.0,False,41,20
P0201,random_negative,False,False,False,0.0,0.0,False,2,176
P0202,top_similar,False,False,False,0.6667,0.8936,True,58,23
P0203,hard_negative,False,False,False,0.375,0.6087,True,52,6
P0204,top_similar,False,False,False,0.7143,0.8197,True,38,106
P0205,algo_merge,True,True,True,1.0,1.0,True,30,27
P0206,top_similar,False,False,False,0.75,0.7692,True,56,2
P0207,hard_negative,False,False,False,0.5714,0.7826,True,2,18
P0208,top_similar,False,False,False,0.6667,0.8444,True,6,18
P0209,hard_negative,False,False,False,0.3636,0.5476,True,19,9
P0210,hard_negative,False,False,False,0.5,0.4706,True,26,30
P0211,hard_negative,False,False,False,0.5,0.717,True,2,26
P0212,top_similar,False,False,False,0.7143,0.8197,True,2,2
P0213,hard_negative,False,False,False,0.4,0.6133,True,6,3
P0214,random_negative,False,False,False,0.0,0.0,False,3,18
P0215,hard_negative,False,False,False,0.4,0.6032,True,4,21
P0216,random_negative,False,False,False,0.0,0.0,False,7,15
P0217,random_negative,False,False,False,0.0,0.0,False,13,21
P0218,hard_negative,False,False,False,0.4444,0.5161,True,1,5
P0219,top_similar,False,False,False,0.6667,0.8444,True,33,7
P0220,hard_negative,False,False,False,0.5714,0.7755,True,1,7
P0221,random_negative,False,False,False,0.0,0.0,False,308,20
P0222,top_similar,False,False,False,0.7143,0.7742,True,18,3
P0223,random_negative,False,False,False,0.0,0.0,True,5,12
P0224,hard_negative,False,False,False,0.4444,0.6441,True,4,3
P0225,random_negative,False,False,False,0.0,0.0,False,9,5
P0226,random_negative,False,False,False,0.0,0.0,False,2,104
P0227,hard_negative,False,False,False,0.4286,0.4444,True,61,16
P0228,random_negative,False,False,False,0.0,0.0,False,71,55
P0229,random_negative,False,False,False,0.0,0.0,False,41,2
P0230,hard_negative,False,False,False,0.5,0.7143,True,2,1
P0231,hard_negative,False,False,False,0.375,0.7083,False,32,13
P0232,random_negative,False,False,False,0.0,0.0,False,122,25
P0233,random_negative,False,False,False,0.1429,0.4737,False,34,5
P0234,random_negative,False,False,False,0.0,0.0,False,5,74
P0235,hard_negative,False,False,False,0.6667,0.7059,True,3,39
P0236,top_similar,False,False,False,0.75,0.7692,True,2,21
P0237,algo_merge,True,True,True,0.625,0.7368,True,49,67
P0238,random_negative,False,False,False,0.1,0.4364,False,3,2
P0239,hard_negative,False,False,False,0.5,0.7143,False,64,108
P0240,random_negative,False,False,False,0.0,0.0,False,46,59
P0241,hard_negative,False,False,False,0.2727,0.7273,False,6,2
P0242,top_similar,False,False,False,0.6667,0.8571,True,1,2
P0243,hard_negative,False,False,False,0.5,0.72,True,2,20
P0244,random_negative,False,False,False,0.2222,0.549,False,1,24
P0245,random_negative,False,False,False,0.1,0.2424,False,17,66
P0246,random_negative,False,False,False,0.0,0.0,False,61,2
P0247,random_negative,False,False,False,0.0,0.0,False,8,4
P0248,top_similar,False,False,False,0.6667,0.8511,True,58,8
P0249,random_negative,False,False,False,0.0,0.0,True,19,59
P0250,random_negative,False,False,False,0.0,0.0,False,4,16
P0251,random_negative,False,False,False,0.0,0.0,False,86,69
P0252,random_negative,False,False,False,0.0,0.0,False,10,6
P0253,hard_negative,False,False,False,0.4286,0.3529,True,3,9
P0254,random_negative,False,False,False,0.0,0.0,False,15,116
P0255,random_negative,False,False,False,0.0,0.0,False,6,19
P0256,hard_negative,False,False,False,0.5556,0.7273,True,14,21
P0257,hard_negative,False,False,False,0.6,0.6829,True,118,29
P0258,hard_negative,False,False,False,0.5,0.6557,True,91,1
P0259,hard_negative,False,False,False,0.375,0.6415,False,1,15
P0260,hard_negative,False,False,False,0.4286,0.4211,True,1,103
P0261,top_similar,False,False,False,0.6667,0.8511,True,34,7
P0262,top_similar,False,False,False,0.6667,0.8462,True,10,25
P0263,hard_negative,False,False,False,0.4444,0.6027,True,7,9
P0264,random_negative,False,False,False,0.0,0.0,True,20,20
P0265,random_negative,False,False,False,0.0,0.0,False,12,44
P0266,hard_negative,False,False,False,0.6667,0.7547,True,2,39
P0267,random_negative,False,False,False,0.0,0.0,False,12,16
P0268,top_similar,False,False,False,0.6667,0.8636,True,18,10
P0269,random_negative,False,False,False,0.0,0.0,False,14,20
P0270,hard_negative,False,False,False,0.625,0.7246,True,48,16
P0271,random_negative,False,False,False,0.2,0.2857,True,36,88
P0272,top_similar,False,False,False,0.7143,0.9,True,12,5
P0273,random_negative,False,False,False,0.0,0.0,False,4,24
P0274,top_similar,False,False,False,0.7143,0.8219,True,6,4
P0275,top_similar,False,False,False,0.7143,0.7742,True,129,106
P0276,hard_negative,False,False,False,0.4,0.6667,True,42,18
P0277,hard_negative,False,False,False,0.5,0.7119,True,26,9
P0278,hard_negative,False,False,False,0.5714,0.697,True,10,5
P0279,algo_merge,True,True,True,0.4286,0.5926,True,24,104
P0280,top_similar,False,False,False,0.75,0.88,True,4,100
P0281,top_similar,False,False,False,0.8333,0.8955,True,116,11
P0282,hard_negative,False,False,False,0.5,0.7692,True,5,91
P0283,hard_negative,False,False,False,0.5714,0.7931,True,2,5
P0284,random_negative,False,False,False,0.0,0.0,False,8,13
P0285,random_negative,False,False,False,0.0,0.0,True,121,7
P0286,hard_negative,False,False,False,0.4444,0.6286,True,4,3
P0287,top_similar,False,False,False,0.6667,0.913,True,58,3
P0288,top_similar,False,False,False,0.7143,0.875,True,1,1
P0289,hard_negative,False,False,False,0.4,0.6842,True,96,84
P0290,random_negative,False,False,False,0.0,0.0,False,46,53
P0291,random_negative,False,False,False,0.1,0.4444,False,41,4
P0292,hard_negative,False,False,False,0.5,0.725,True,3,21
P0293,top_similar,False,False,False,0.7143,0.92,True,2,20
P0294,random_negative,False,False,False,0.0,0.0,False,4,66
P0295,hard_negative,False,False,False,0.4545,0.6744,True,8,3
P0296,random_negative,False,False,False,0.1429,0.3261,False,6,20
P0297,hard_negative,False,False,False,0.375,0.6939,False,2,2
P0298,random_negative,False,False,False,0.0,0.0,False,8,29
P0299,algo_merge,True,True,True,0.4286,0.6333,True,2,17
P0300,hard_negative,False,False,False,0.375,0.6538,False,6,45
P0301,random_negative,False,False,False,0.0,0.0,False,13,23
P0302,top_similar,False,False,False,0.6667,0.88,True,308,58
P0303,hard_negative,False,False,False,0.4286,0.8085,False,32,2
P0304,random_negative,False,False,False,0.0,0.0,False,106,35
P0305,hard_negative,False,False,False,0.4444,0.6933,True,4,1
P0306,hard_negative,False,False,False,0.5,0.7636,True,1,26
P0307,top_similar,False,False,False,0.6667,0.8889,True,7,58
P0308,random_negative,False,False,False,0.0,0.0,False,7,3
P0309,hard_negative,False,False,False,0.4444,0.6667,True,18,2
P0310,top_similar,False,False,False,0.7143,0.8421,True,4,208
P0311,top_similar,False,False,False,0.7143,0.8852,True,38,2
P0312,top_similar,False,False,False,0.7778,0.7556,True,6,6
P0313,hard_negative,False,False,False,0.3333,0.7895,True,22,33
P0314,hard_negative,False,False,False,0.5,0.5714,True,2,5
P0315,random_negative,False,False,False,0.0,0.0,False,19,3
P0316,top_similar,False,False,False,0.8333,0.918,True,13,18
P0317,random_negative,False,False,False,0.0,0.0,False,44,4
P0318,hard_negative,False,False,False,0.4286,0.5758,True,17,58
P0319,hard_negative,False,False,False,0.375,0.6102,False,3,39
P0320,random_negative,False,False,False,0.0,0.0,False,7,16
P0321,hard_negative,False,False,False,0.5556,0.7826,True,17,29
P0322,random_negative,False,False,False,0.0,0.0,False,6,4
P0323,hard_negative,False,False,False,0.5714,0.8333,True,7,32
P0324,top_similar,False,False,False,0.7143,0.8333,True,2,38
P0325,hard_negative,False,False,False,0.6,0.7692,True,30,29
P0326,hard_negative,False,False,False,0.6667,0.7347,True,2,1
P0327,algo_merge,True,True,True,0.4286,0.6452,True,16,55
P0328,random_negative,False,False,False,0.0,0.0,False,2,35
P0329,top_similar,False,False,False,0.7143,0.8276,True,4,4
P0330,random_negative,False,False,False,0.0,0.0,False,157,14
P0331,algo_merge,True,True,True,0.6,0.7619,True,30,50
P0332,hard_negative,False,False,False,0.5714,0.717,True,26,1
P0333,top_similar,False,False,False,0.7143,0.9492,True,9,2
P0334,random_negative,False,False,False,0.0,0.0,False,78,6
P0335,random_negative,False,False,False,0.0,0.0,False,16,2
P0336,hard_negative,False,False,False,0.4444,0.6479,True,4,5
P0337,random_negative,False,False,False,0.1667,0.4571,False,118,11
P0338,random_negative,False,False,False,0.0,0.0,False,12,47
P0339,random_negative,False,False,False,0.0,0.0,False,97,6
P0340,hard_negative,False,False,False,0.4,0.7467,False,19,42
P0341,hard_negative,False,False,False,0.4545,0.6585,True,8,8
P0342,hard_negative,False,False,False,0.4444,0.7037,True,96,16
P0343,random_negative,False,False,False,0.0,0.0,False,6,74
P0344,random_negative,False,False,False,0.0,0.0,True,127,58
P0345,hard_negative,False,False,False,0.375,0.75,False,2,7
P0346,random_negative,False,False,False,0.0,0.0,False,15,26
P0347,random_negative,False,False,False,0.0,0.0,True,7,55
P0348,random_negative,False,False,False,0.0,0.0,False,122,55
P0349,hard_negative,False,False,False,0.2857,0.7805,True,22,7
P0350,hard_negative,False,False,False,0.5,0.4737,True,29,35
P0351,hard_negative,False,False,False,0.5556,0.806,True,8,61
P0352,top_similar,False,False,False,0.7143,0.9,True,38,2
P0353,hard_negative,False,False,False,0.4444,0.6479,True,1,4
P0354,hard_negative,False,False,False,0.5,0.6923,True,4,16
P0355,random_negative,False,False,False,0.0,0.0,False,5,8
P0356,hard_negative,False,False,False,0.375,0.6296,False,6,2
P0357,top_similar,False,False,False,0.6667,0.8696,True,7,23
P0358,top_similar,False,False,False,0.7143,0.8667,True,16,6
P0359,algo_merge,True,True,True,0.625,0.7241,True,20,5
P0360,random_negative,False,False,False,0.0,0.0,False,24,103
P0361,top_similar,False,False,False,0.7143,0.8852,True,2,2
P0362,top_similar,False,False,False,0.7143,0.7925,True,25,3
P0363,hard_negative,False,False,False,0.4545,0.6835,True,27,2
P0364,top_similar,False,False,False,0.75,0.8857,True,11,1
P0365,hard_negative,False,False,False,0.375,0.5714,False,1,3
P0366,random_negative,False,False,False,0.0909,0.3768,False,21,39
P0367,top_similar,False,False,False,0.7143,0.5714,True,176,69
P0368,random_negative,False,False,False,0.0,0.0,False,8,6
P0369,top_similar,False,False,False,0.7143,0.8696,True,12,18
P0370,random_negative,False,False,False,0.0,0.0,False,2,308
P0371,hard_negative,False,False,False,0.375,0.339,True,4,6
P0372,hard_negative,False,False,False,0.4,0.6667,False,1,21
P0373,algo_merge,True,True,True,0.625,0.7576,True,15,123
P0374,random_negative,False,False,False,0.1667,0.3784,True,14,6
P0375,top_similar,False,False,False,0.7143,0.7368,True,2,54
P0376,hard_negative,False,False,False,0.25,0.7273,True,22,42
P0377,hard_negative,False,False,False,0.5,0.8197,False,57,91
P0378,random_negative,False,False,False,0.0,0.0,False,6,26
P0379,random_negative,False,False,False,0.0,0.0,False,135,69
P0380,hard_negative,False,False,False,0.6,0.8095,False,53,72
P0381,random_negative,False,False,False,0.0,0.0,False,19,13
P0382,random_negative,False,False,False,0.1667,0.4848,False,17,45
P0383,random_negative,False,False,False,0.0,0.0,False,17,4
P0384,hard_negative,False,False,False,0.4,0.625,False,108,34
P0385,top_similar,False,False,False,0.7143,0.8657,True,16,8
P0386,random_negative,False,False,False,0.0,0.0,False,106,15
P0387,top_similar,False,False,False,0.7143,0.8767,True,6,5
P0388,hard_negative,False,False,False,0.5,0.7451,True,6,20
P0389,hard_negative,False,False,False,0.5,0.6984,True,1,25
P0390,random_negative,False,False,False,0.0,0.0,False,12,5
P0391,hard_negative,False,False,False,0.5,0.7018,True,26,32
P0392,hard_negative,False,False,False,0.5,0.7755,True,94,2
P0393,top_similar,False,False,False,0.7143,0.8525,True,2,106
P0394,top_similar,False,False,False,0.7143,0.8852,True,2,129
P0395,random_negative,False,False,False,0.0,0.0,False,2,17
P0396,hard_negative,False,False,False,0.4,0.75,False,127,7
P0397,hard_negative,False,False,False,0.375,0.7234,False,32,3
P0398,algo_merge,True,True,False,0.6,0.8095,False,7,54
P0399,random_negative,False,False,False,0.1667,0.3684,False,71,14
P0400,hard_negative,False,False,False,0.5714,0.6885,True,3,4
P0401,random_negative,False,False,False,0.0,0.0,False,74,57
P0402,hard_negative,False,False,False,0.5,0.6923,True,18,25
P0403,random_negative,False,False,False,0.0,0.0,False,2,2
P0404,random_negative,False,False,False,0.0,0.0,False,7,9
P0405,random_negative,False,False,False,0.0,0.0,False,6,46
P0406,hard_negative,False,False,False,0.375,0.6531,False,9,3
P0407,random_negative,False,False,False,0.0,0.0,False,6,8
P0408,hard_negative,False,False,False,0.5714,0.76,True,2,1
P0409,hard_negative,False,False,False,0.625,0.8525,True,2,20
P0410,hard_negative,False,False,False,0.5714,0.7407,True,2,2
P0411,random_negative,False,False,False,0.2222,0.4643,True,6,3
P0412,top_similar,False,False,False,0.6667,0.8837,True,33,19
P0413,random_negative,False,False,False,0.0,0.0,False,6,13
P0414,top_similar,False,False,False,0.7143,0.7368,True,4,9
P0415,random_negative,False,False,False,0.0,0.0,False,4,25
P0416,hard_negative,False,False,False,0.4444,0.6909,True,26,25
P0417,top_similar,False,False,False,0.6667,0.8462,True,25,23
P0418,random_negative,False,False,False,0.0909,0.4444,False,13,21
P0419,algo_merge,True,True,False,1.0,1.0,False,7,72
P0420,hard_negative,False,False,False,0.5,0.7018,True,7,4
P0421,top_similar,False,False,False,0.7143,0.8197,True,2,282
P0422,top_similar,False,False,False,0.6667,0.8636,True,33,10
P0423,hard_negative,False,False,False,0.2857,0.7333,False,1,54
P0424,random_negative,False,False,False,0.0,0.0,True,11,308
P0425,top_similar,False,False,False,0.6667,0.875,True,34,3
