record_id,record_type,C1_field_validity,C2_release_consistency,C3_identity_plausibility
R0000,interaction,1,1,0
R0001,interaction,1,1,0
R0002,interaction,1,1,1
R0003,interaction,1,1,1
R0004,interaction,1,1,1
R0005,hotel,1,1,1
R0006,hotel,1,1,1
R0007,interaction,1,1,1
R0008,interaction,1,1,1
R0009,hotel,1,1,1
R0010,hotel,1,1,1
R0011,hotel,1,1,1
R0012,hotel,1,1,1
R0013,interaction,1,1,1
R0014,interaction,1,1,1
R0015,interaction,1,1,1
R0016,hotel,1,1,1
R0017,interaction,1,1,0
R0018,interaction,1,1,1
R0019,interaction,1,1,0
R0020,interaction,1,1,1
R0021,interaction,1,1,0
R0022,interaction,1,1,1
R0023,interaction,1,1,1
R0024,hotel,1,1,1
R0025,hotel,1,1,1
R0026,hotel,1,1,1
R0027,interaction,1,1,1
R0028,interaction,1,1,0
R0029,interaction,1,1,1
R0030,hotel,1,1,1
R0031,hotel,1,1,1
R0032,interaction,1,1,1
R0033,interaction,1,1,1
R0034,hotel,1,1,1
R0035,interaction,1,1,1
R0036,interaction,1,1,1
R0037,hotel,1,1,1
R0038,interaction,1,1,1
R0039,interaction,1,1,1
R0040,interaction,1,1,1
R0041,interaction,1,1,1
R0042,interaction,1,1,1
R0043,interaction,1,1,1
R0044,interaction,1,1,0
R0045,interaction,1,1,1
R0046,interaction,1,1,1
R0047,interaction,1,1,1
R0048,interaction,1,1,1
R0049,interaction,1,1,1
R0050,interaction,1,1,1
R0051,hotel,1,1,1
R0052,interaction,1,1,1
R0053,hotel,1,1,1
R0054,hotel,1,1,1
R0055,interaction,1,1,1
R0056,interaction,1,1,1
R0057,hotel,1,1,1
R0058,interaction,1,1,1
R0059,interaction,1,1,1
R0060,interaction,1,1,1
R0061,interaction,1,1,1
R0062,interaction,1,1,1
R0063,hotel,1,1,1
R0064,interaction,1,1,1
R0065,interaction,1,1,1
R0066,hotel,1,1,1
R0067,interaction,1,1,1
R0068,interaction,1,1,1
R0069,hotel,1,1,1
R0070,interaction,1,1,1
R0071,interaction,1,1,1
R0072,interaction,1,1,1
R0073,interaction,1,1,1
R0074,interaction,1,1,0
R0075,interaction,1,1,1
R0076,interaction,1,1,1
R0077,interaction,1,1,1
R0078,interaction,1,1,1
R0079,interaction,1,1,1
R0080,interaction,1,1,1
R0081,hotel,1,1,1
R0082,interaction,1,1,1
R0083,interaction,1,1,1
R0084,interaction,1,1,1
R0085,interaction,1,1,1
R0086,hotel,1,1,1
R0087,interaction,1,1,1
R0088,interaction,1,1,0
R0089,interaction,1,1,0
R0090,interaction,1,1,0
R0091,interaction,1,1,1
R0092,interaction,1,1,1
R0093,interaction,1,1,1
R0094,interaction,1,1,0
R0095,interaction,1,1,1
R0096,interaction,1,1,1
R0097,hotel,1,1,1
R0098,interaction,1,1,0
R0099,interaction,1,1,1
R0100,interaction,1,1,1
R0101,hotel,1,1,1
R0102,interaction,1,1,1
R0103,interaction,1,1,0
R0104,interaction,1,1,1
R0105,interaction,1,1,1
R0106,interaction,1,1,1
R0107,interaction,1,1,1
R0108,interaction,1,1,1
R0109,hotel,1,1,1
R0110,interaction,1,1,1
R0111,hotel,1,1,1
R0112,interaction,1,1,1
R0113,interaction,1,1,1
R0114,interaction,1,1,1
R0115,interaction,1,1,1
R0116,interaction,1,1,0
R0117,interaction,1,1,1
R0118,interaction,1,1,1
R0119,interaction,1,1,1
R0120,interaction,1,1,1
R0121,interaction,1,1,1
R0122,interaction,1,1,1
R0123,interaction,1,1,1
R0124,interaction,1,1,1
R0125,interaction,1,1,1
R0126,interaction,1,1,0
R0127,interaction,1,1,1
R0128,interaction,1,1,0
R0129,hotel,1,1,1
R0130,interaction,1,1,1
R0131,interaction,1,1,1
R0132,hotel,1,1,1
R0133,interaction,1,1,1
R0134,hotel,1,1,1
R0135,interaction,1,1,1
R0136,interaction,1,1,1
R0137,interaction,1,1,0
R0138,interaction,1,1,1
R0139,interaction,1,1,1
R0140,interaction,1,1,1
R0141,interaction,1,1,1
R0142,interaction,1,1,1
R0143,interaction,1,1,1
R0144,hotel,1,1,1
R0145,hotel,1,1,1
R0146,interaction,1,1,1
R0147,hotel,1,1,1
R0148,interaction,1,1,1
R0149,interaction,1,1,0
R0150,interaction,1,1,1
R0151,interaction,1,1,1
R0152,interaction,1,1,1
R0153,interaction,1,1,1
R0154,interaction,1,1,1
R0155,interaction,1,1,1
R0156,interaction,1,1,1
R0157,interaction,1,1,1
R0158,interaction,1,1,1
R0159,hotel,1,1,1
R0160,interaction,1,1,1
R0161,interaction,1,1,1
R0162,hotel,1,1,1
R0163,interaction,1,1,1
R0164,interaction,1,1,1
R0165,interaction,1,1,1
R0166,hotel,1,1,1
R0167,interaction,1,1,0
R0168,interaction,1,1,1
R0169,interaction,1,1,0
R0170,interaction,1,1,1
R0171,hotel,1,1,1
R0172,hotel,1,1,1
R0173,hotel,1,1,1
R0174,interaction,1,1,1
R0175,interaction,1,1,1
R0176,interaction,1,1,1
R0177,interaction,1,1,1
R0178,hotel,1,1,1
R0179,interaction,1,1,0
R0180,interaction,1,1,1
R0181,interaction,1,1,1
R0182,interaction,1,1,1
R0183,interaction,1,1,1
R0184,hotel,1,1,1
R0185,hotel,1,1,1
R0186,interaction,1,1,1
R0187,interaction,1,1,1
R0188,interaction,1,1,1
R0189,interaction,1,1,1
R0190,hotel,1,1,1
R0191,interaction,1,1,1
R0192,interaction,1,1,0
R0193,interaction,1,1,1
R0194,interaction,1,1,1
R0195,hotel,1,1,1
R0196,interaction,1,1,1
R0197,hotel,1,1,1
R0198,hotel,1,1,1
R0199,interaction,1,1,1
R0200,interaction,1,1,1
R0201,interaction,1,1,1
R0202,interaction,1,1,1
R0203,hotel,1,1,1
R0204,interaction,1,1,1
R0205,hotel,1,1,1
R0206,hotel,1,1,1
R0207,hotel,1,1,1
R0208,hotel,1,1,1
R0209,hotel,1,1,1
R0210,interaction,1,1,1
R0211,interaction,1,1,1
R0212,interaction,1,1,1
R0213,interaction,1,1,1
R0214,interaction,1,1,1
R0215,interaction,1,1,0
R0216,hotel,1,1,1
R0217,interaction,1,1,1
R0218,hotel,1,1,1
R0219,hotel,1,1,1
R0220,hotel,1,1,1
R0221,interaction,1,1,1
R0222,interaction,1,1,0
R0223,interaction,1,1,1
R0224,hotel,1,1,1
R0225,interaction,1,1,1
R0226,interaction,1,1,1
R0227,interaction,1,1,1
R0228,interaction,1,1,1
R0229,interaction,1,1,1
R0230,interaction,1,1,1
R0231,interaction,1,1,1
R0232,interaction,1,1,1
R0233,interaction,1,1,1
R0234,hotel,1,1,1
R0235,interaction,1,1,1
R0236,hotel,1,1,1
R0237,hotel,1,1,1
R0238,interaction,1,1,1
R0239,hotel,1,1,1
R0240,interaction,1,1,1
R0241,hotel,1,1,1
R0242,interaction,1,1,1
R0243,interaction,1,1,1
R0244,interaction,1,1,0
R0245,interaction,1,1,1
R0246,interaction,1,1,1
R0247,interaction,1,1,1
